time,x,xdot,y,ydot,theta,thetadot,thrust,alpha,x_err,y_err
0.0166667,1.9995,-0.0604582,9.9988,-0.144541,-0.006042,-0.72504,3.80167,-1.26491,1.9995,9.4988
0.0333333,1.99799,-0.120829,9.99527,-0.278454,-0.0241209,-1.44443,4.03392,-1.10102,1.99799,9.49527
0.05,1.99549,-0.178799,9.98961,-0.401236,-0.0538328,-2.12101,4.25062,-0.920428,1.99549,9.48961
0.0666667,1.99207,-0.232236,9.98199,-0.513292,-0.0941367,-2.71545,4.45084,-0.731238,1.99207,9.48199
0.0833333,1.98781,-0.279648,9.97259,-0.615811,-0.143384,-3.19426,4.63512,-0.542764,1.98781,9.47259
0.1,1.98281,-0.320462,9.96154,-0.710416,-0.199472,-3.53629,4.80525,-0.363868,1.98281,9.46154
0.116667,1.97719,-0.355018,9.94896,-0.798763,-0.260066,-3.73497,4.96375,-0.201488,1.97719,9.44896
0.133333,1.97103,-0.384339,9.93496,-0.882261,-0.322826,-3.79623,5.1132,-0.0599371,1.97103,9.43496
0.15,1.96442,-0.40983,9.91959,-0.961971,-0.385581,-3.73429,5.25578,0.0589558,1.96442,9.41959
0.166667,1.95741,-0.433023,9.90292,-1.03864,-0.446429,-3.56754,5.39316,0.15522,1.95741,9.40292
0.183333,1.95001,-0.455397,9.885,-1.11281,-0.503788,-3.31549,5.52649,0.230056,1.95001,9.385
0.2,1.94224,-0.478283,9.86585,-1.18486,-0.556393,-2.99709,5.65661,0.285296,1.94224,9.36585
0.216667,1.93407,-0.502811,9.84552,-1.25514,-0.603284,-2.62984,5.78411,0.323061,1.93407,9.34552
0.233333,1.92547,-0.529888,9.82403,-1.32395,-0.643778,-2.22949,5.90953,0.345567,1.92547,9.32403
0.25,1.91639,-0.560195,9.8014,-1.39158,-0.677441,-1.81004,6.03332,0.35502,1.91639,9.3014
0.266667,1.90677,-0.594194,9.77765,-1.45828,-0.704056,-1.38375,6.15594,0.353568,1.90677,9.27765
0.283333,1.89655,-0.632142,9.7528,-1.52427,-0.723597,-0.961177,6.27778,0.343261,1.89655,9.2528
0.3,1.88567,-0.67411,9.72685,-1.58973,-0.736201,-0.551263,6.39919,0.326031,1.88567,9.22685
0.316667,1.87405,-0.720009,9.69981,-1.65472,-0.742139,-0.161317,6.52043,0.303665,1.87405,9.19981
0.333333,1.86164,-0.769616,9.6717,-1.71927,-0.741792,0.202939,6.64162,0.277781,1.86164,9.1717
0.35,1.84837,-0.822598,9.64251,-1.78328,-0.735623,0.537318,6.76277,0.24981,1.84837,9.14251
0.366667,1.83419,-0.878538,9.61226,-1.84661,-0.724153,0.839081,6.88376,0.220979,1.83419,9.11226
0.383333,1.81906,-0.936959,9.58096,-1.90905,-0.707937,1.10681,7.00432,0.192303,1.81906,9.08096
0.4,1.80294,-0.997339,9.54863,-1.97031,-0.687545,1.34026,7.1241,0.164582,1.80294,9.04863
0.416667,1.7858,-1.05913,9.51529,-2.03012,-0.663542,1.54012,7.24267,0.138416,1.7858,9.01529
0.433333,1.76762,-1.12177,9.48097,-2.08817,-0.636475,1.70786,7.35954,0.114212,1.76762,8.98097
0.45,1.7484,-1.18471,9.4457,-2.14417,-0.606864,1.84551,7.47421,0.0922131,1.7484,8.9457
0.466667,1.72812,-1.24738,9.40951,-2.19787,-0.575189,1.95544,7.58621,0.0725201,1.72812,8.90951
0.483333,1.70681,-1.30926,9.37245,-2.24904,-0.541892,2.04023,7.69509,0.0551201,1.70681,8.87245
0.5,1.68448,-1.36985,9.33456,-2.29752,-0.507369,2.10248,7.80048,0.0399141,1.68448,8.83456
0.516667,1.66115,-1.42867,9.29588,-2.34319,-0.471976,2.14475,7.90209,0.0267438,1.66115,8.79588
0.533333,1.63687,-1.48529,9.25647,-2.38599,-0.436025,2.16941,7.99969,0.0154146,1.63687,8.75647
0.55,1.61165,-1.53932,9.21637,-2.42591,-0.399791,2.17866,8.09316,0.00571591,1.61165,8.71637
0.566667,1.58557,-1.59044,9.17563,-2.46298,-0.363515,2.17446,8.18245,-0.00256379,1.58557,8.67563
0.583333,1.55865,-1.63834,9.13429,-2.49729,-0.327406,2.15855,8.2676,-0.009625,1.55865,8.63429
0.6,1.53097,-1.68279,9.0924,-2.52894,-0.291648,2.13242,8.34869,-0.0156498,1.53097,8.5924
0.616667,1.50258,-1.72358,9.05001,-2.55807,-0.2564,2.09737,8.42588,-0.0207978,1.50258,8.55001
0.633333,1.47354,-1.76058,9.00715,-2.58484,-0.221801,2.05453,8.49934,-0.0252042,1.47354,8.50715
0.65,1.44391,-1.79366,8.96386,-2.60941,-0.187972,2.00487,8.56932,-0.0289808,1.44391,8.46386
0.666667,1.41377,-1.82277,8.92018,-2.63196,-0.155021,1.94923,8.63605,-0.032218,1.41377,8.42018
0.683333,1.38317,-1.84786,8.87614,-2.65266,-0.123041,1.88837,8.69978,-0.034987,1.38317,8.37614
0.7,1.35219,-1.86894,8.83177,-2.67168,-0.0921135,1.82295,8.76078,-0.0373435,1.35219,8.33177
0.716667,1.3209,-1.88601,8.7871,-2.68919,-0.0623089,1.7536,8.81931,-0.0393304,1.3209,8.2871
0.733333,1.28935,-1.89914,8.74214,-2.70535,-0.0336883,1.68087,8.87561,-0.0409811,1.28935,8.24214
0.75,1.25761,-1.90839,8.69693,-2.72031,-0.00630346,1.60531,8.92993,-0.0423214,1.25761,8.19693
0.766667,1.22575,-1.91386,8.65147,-2.73421,0.0198026,1.52742,8.98248,-0.0433724,1.22575,8.15147
0.783333,1.19384,-1.91564,8.60579,-2.74717,0.044595,1.44767,9.03349,-0.0441517,1.19384,8.10579
0.8,1.16192,-1.91386,8.55991,-2.75929,0.0680468,1.36654,9.08312,-0.0446748,1.16192,8.05991
0.816667,1.13006,-1.90865,8.51382,-2.77069,0.0901386,1.28447,9.13157,-0.0449564,1.13006,8.01382
0.833333,1.09832,-1.90015,8.46756,-2.78145,0.110858,1.20186,9.17897,-0.0450105,1.09832,7.96756
0.85,1.06674,-1.88851,8.42111,-2.79164,0.1302,1.11914,9.22546,-0.0448514,1.06674,7.92111
0.866667,1.03538,-1.87388,8.37451,-2.80131,0.148165,1.03666,9.27115,-0.0444935,1.03538,7.87451
0.883333,1.00429,-1.85643,8.32774,-2.81053,0.16476,0.954797,9.31612,-0.0439518,1.00429,7.82774
0.9,0.973517,-1.83632,8.28083,-2.81932,0.179999,0.873871,9.36046,-0.0432412,0.973517,7.78083
0.916667,0.943097,-1.81373,8.23377,-2.82773,0.1939,0.794189,9.40422,-0.0423773,0.943097,7.73377
0.933333,0.913073,-1.78881,8.18657,-2.83575,0.206485,0.716033,9.44744,-0.0413755,0.913073,7.68657
0.95,0.883483,-1.76174,8.13925,-2.84342,0.217782,0.639656,9.49014,-0.0402512,0.883483,7.63925
0.966667,0.854361,-1.73269,8.0918,-2.85073,0.227823,0.565285,9.53235,-0.0390196,0.854361,7.5918
0.983333,0.825738,-1.70183,8.04423,-2.85767,0.236643,0.493122,9.57406,-0.0376955,0.825738,7.54423
1,0.797643,-1.66932,7.99654,-2.86425,0.244281,0.423344,9.61527,-0.0362931,0.797643,7.49654
1.01667,0.770103,-1.63533,7.94876,-2.87045,0.250776,0.356102,9.65596,-0.034826,0.770103,7.44876
1.03333,0.743141,-1.60002,7.90087,-2.87625,0.256173,0.291524,9.69611,-0.033307,0.743141,7.40087
1.05,0.716777,-1.56356,7.85288,-2.88164,0.260517,0.229716,9.73569,-0.0317481,0.716777,7.35288
1.06667,0.691029,-1.52608,7.80482,-2.8866,0.263854,0.170764,9.77467,-0.0301604,0.691029,7.30482
1.08333,0.665913,-1.48775,7.75667,-2.8911,0.266233,0.114731,9.81301,-0.028554,0.665913,7.25667
1.1,0.641442,-1.44871,7.70845,-2.89513,0.267703,0.0616651,9.85068,-0.0269385,0.641442,7.20845
1.11667,0.617627,-1.4091,7.66017,-2.89867,0.268313,0.0115954,9.88763,-0.0253221,0.617627,7.16017
1.13333,0.594476,-1.36905,7.61183,-2.9017,0.268115,-0.035464,9.92383,-0.0237125,0.594476,7.11183
1.15,0.571995,-1.32869,7.56345,-2.90419,0.267156,-0.0795133,9.95925,-0.0221165,0.571995,7.06345
1.16667,0.550188,-1.28816,7.51503,-2.90613,0.265489,-0.120566,9.99384,-0.0205403,0.550188,7.01503
1.18333,0.529058,-1.24756,7.46658,-2.90751,0.263162,-0.158646,10.0276,-0.018989,0.529058,6.96658
1.2,0.508604,-1.207,7.41812,-2.90832,0.260225,-0.193791,10.0604,-0.0174676,0.508604,6.91812
1.21667,0.488825,-1.1666,7.36964,-2.90853,0.256727,-0.226045,10.0924,-0.0159801,0.488825,6.86964
1.23333,0.469717,-1.12646,7.32117,-2.90816,0.252714,-0.255462,10.1234,-0.0145302,0.469717,6.82117
1.25,0.451275,-1.08667,7.27271,-2.90718,0.248234,-0.282107,10.1534,-0.0131212,0.451275,6.77271
1.26667,0.433493,-1.0473,7.22427,-2.9056,0.243333,-0.306047,10.1825,-0.0117557,0.433493,6.72427
1.28333,0.416363,-1.00846,7.17586,-2.90341,0.238055,-0.327358,10.2106,-0.0104361,0.416363,6.67586
1.3,0.399875,-0.970208,7.12749,-2.90063,0.232442,-0.346122,10.2377,-0.00916454,0.399875,6.62749
1.31667,0.38402,-0.932614,7.07918,-2.89725,0.226538,-0.362427,10.2639,-0.00794272,0.38402,6.57918
1.33333,0.368785,-0.895743,7.03092,-2.89327,0.220381,-0.376362,10.289,-0.0067721,0.368785,6.53092
1.35,0.354158,-0.85965,6.98274,-2.88872,0.214011,-0.388024,10.3132,-0.00565388,0.354158,6.48274
1.36667,0.340126,-0.824385,6.93464,-2.8836,0.207465,-0.397511,10.3363,-0.00458902,0.340126,6.43464
1.38333,0.326674,-0.789992,6.88662,-2.87792,0.200778,-0.404924,10.3586,-0.00357826,0.326674,6.38662
1.4,0.313788,-0.756511,6.83871,-2.87169,0.193984,-0.410367,10.3798,-0.0026221,0.313788,6.33871
1.41667,0.301453,-0.723973,6.7909,-2.86493,0.187115,-0.413947,10.4002,-0.00172086,0.301453,6.2909
1.43333,0.289651,-0.692408,6.74322,-2.85767,0.180201,-0.41577,10.4196,-0.000874646,0.289651,6.24322
1.45,0.278367,-0.661835,6.69565,-2.84991,0.17327,-0.415944,10.4381,-8.33669e-05,0.278367,6.19565
1.46667,0.267585,-0.632274,6.64822,-2.84167,0.166349,-0.414578,10.4558,0.000653251,0.267585,6.14822
1.48333,0.257286,-0.603737,6.60093,-2.83298,0.159462,-0.41178,10.4726,0.00133567,0.257286,6.10093
1.5,0.247455,-0.57623,6.55379,-2.82385,0.152634,-0.407659,10.4885,0.00196452,0.247455,6.05379
1.51667,0.238073,-0.549759,6.50681,-2.8143,0.145884,-0.402322,10.5037,0.00254063,0.238073,6.00681
1.53333,0.229124,-0.524323,6.45998,-2.80435,0.139232,-0.395874,10.5182,0.00306495,0.229124,5.95998
1.55,0.220591,-0.499917,6.41333,-2.79403,0.132696,-0.388421,10.5318,0.00353864,0.220591,5.91333
1.56667,0.212455,-0.476534,6.36685,-2.78334,0.126292,-0.380063,10.5448,0.00396297,0.212455,5.86685
1.58333,0.204701,-0.454163,6.32056,-2.77232,0.120034,-0.370901,10.5571,0.00433937,0.204701,5.82056
1.6,0.197311,-0.432789,6.27444,-2.76097,0.113935,-0.361031,10.5687,0.00466939,0.197311,5.77444
1.61667,0.190269,-0.412397,6.22853,-2.74933,0.108005,-0.350547,10.5797,0.0049547,0.190269,5.72853
1.63333,0.183559,-0.392966,6.1828,-2.7374,0.102254,-0.339539,10.5901,0.00519709,0.183559,5.6828
1.65,0.177165,-0.374476,6.13728,-2.72521,0.0966908,-0.328095,10.5999,0.00539842,0.177165,5.63728
1.66667,0.171072,-0.356902,6.09196,-2.71276,0.0913208,-0.316296,10.6092,0.00556065,0.171072,5.59196
1.68333,0.165264,-0.340221,6.04686,-2.70009,0.0861499,-0.304222,10.6179,0.00568579,0.165264,5.54686
1.7,0.159726,-0.324405,6.00196,-2.68719,0.0811818,-0.291947,10.6261,0.00577593,0.159726,5.50196
1.71667,0.154446,-0.309426,5.95729,-2.67409,0.0764194,-0.279541,10.6339,0.00583317,0.154446,5.45729
1.73333,0.149408,-0.295256,5.91283,-2.66081,0.0718643,-0.267071,10.6412,0.00585965,0.149408,5.41283
1.75,0.144599,-0.281864,5.86859,-2.64735,0.067517,-0.254596,10.648,0.00585752,0.144599,5.36859
1.76667,0.140008,-0.269221,5.82458,-2.63372,0.0633773,-0.242176,10.6544,0.00582894,0.140008,5.32458
1.78333,0.135621,-0.257296,5.7808,-2.61995,0.0594436,-0.229861,10.6604,0.00577605,0.135621,5.2808
1.8,0.131428,-0.246057,5.73725,-2.60604,0.055714,-0.217699,10.6661,0.00570096,0.131428,5.23725
1.81667,0.127416,-0.235474,5.69394,-2.592,0.0521853,-0.205735,10.6713,0.00560576,0.127416,5.19394
1.83333,0.123575,-0.225516,5.65085,-2.57784,0.0488542,-0.194008,10.6762,0.00549248,0.123575,5.15085
1.85,0.119895,-0.216151,5.60801,-2.56357,0.0457162,-0.182551,10.6808,0.00536311,0.119895,5.10801
1.86667,0.116367,-0.207349,5.5654,-2.54921,0.0427666,-0.171397,10.6851,0.00521957,0.116367,5.0654
1.88333,0.112981,-0.19908,5.52304,-2.53475,0.0400002,-0.160572,10.689,0.00506372,0.112981,5.02304
1.9,0.109728,-0.191314,5.48091,-2.52021,0.0374113,-0.150099,10.6926,0.00489735,0.109728,4.98091
1.91667,0.106601,-0.184023,5.43903,-2.50559,0.0349938,-0.139997,10.696,0.00472214,0.106601,4.93903
1.93333,0.103591,-0.177179,5.39739,-2.4909,0.0327415,-0.130283,10.6991,0.00453973,0.103591,4.89739
1.95,0.100692,-0.170753,5.356,-2.47616,0.0306477,-0.120969,10.7019,0.00435164,0.100692,4.856
1.96667,0.0978972,-0.16472,5.31485,-2.46135,0.0287058,-0.112064,10.7044,0.00415931,0.0978972,4.81485
1.98333,0.0951995,-0.159054,5.27396,-2.44649,0.0269088,-0.103576,10.7068,0.0039641,0.0951995,4.77396
2,0.0925934,-0.153729,5.2333,-2.43159,0.0252497,-0.0955072,10.7088,0.00376725,0.0925934,4.7333
2.01667,0.0900733,-0.148724,5.1929,-2.41665,0.0237217,-0.08786,10.7107,0.00356993,0.0900733,4.6929
2.03333,0.0876342,-0.144014,5.15275,-2.40168,0.0223176,-0.080633,10.7123,0.00337322,0.0876342,4.65275
2.05,0.0852712,-0.139578,5.11285,-2.38667,0.0210304,-0.0738232,10.7137,0.00317808,0.0852712,4.61285
2.06667,0.0829801,-0.135397,5.07319,-2.37164,0.0198534,-0.0674255,10.7149,0.00298542,0.0829801,4.57319
2.08333,0.0807566,-0.131449,5.03379,-2.35658,0.0187795,-0.0614331,10.7159,0.00279602,0.0807566,4.53379
2.1,0.0785972,-0.127718,4.99464,-2.34151,0.0178023,-0.0558377,10.7167,0.00261062,0.0785972,4.49464
2.11667,0.0764982,-0.124184,4.95574,-2.32642,0.0169151,-0.0506294,10.7173,0.00242983,0.0764982,4.45574
2.13333,0.0744566,-0.120833,4.91709,-2.31132,0.0161115,-0.0457974,10.7178,0.00225422,0.0744566,4.41709
2.15,0.0724694,-0.117649,4.8787,-2.29622,0.0153854,-0.0413296,10.718,0.00208425,0.0724694,4.3787
2.16667,0.070534,-0.114617,4.84055,-2.28111,0.0147309,-0.0372131,10.7181,0.00192034,0.070534,4.34055
2.18333,0.068648,-0.111725,4.80266,-2.266,0.0141422,-0.0334343,10.7181,0.00176281,0.068648,4.30266
2.2,0.0668091,-0.108959,4.76502,-2.25089,0.0136137,-0.029979,10.7178,0.00161195,0.0668091,4.26502
2.21667,0.0650153,-0.106308,4.72763,-2.23578,0.0131403,-0.0268325,10.7174,0.00146794,0.0650153,4.22763
2.23333,0.0632648,-0.103762,4.69049,-2.22069,0.0127169,-0.0239797,10.7169,0.00133096,0.0632648,4.19049
2.25,0.061556,-0.10131,4.65361,-2.2056,0.0123387,-0.0214055,10.7162,0.00120109,0.061556,4.15361
2.26667,0.0598873,-0.0989449,4.61697,-2.19053,0.0120012,-0.0190944,10.7154,0.00107839,0.0598873,4.11697
2.28333,0.0582573,-0.0966574,4.58059,-2.17547,0.0117001,-0.0170311,10.7144,0.000962853,0.0582573,4.08059
2.3,0.0566649,-0.0944402,4.54446,-2.16043,0.0114315,-0.0152004,10.7133,0.00085445,0.0566649,4.04446
2.31667,0.0551089,-0.0922867,4.50858,-2.1454,0.0111916,-0.0135869,10.7121,0.000753104,0.0551089,4.00858
2.33333,0.0535883,-0.0901908,4.47295,-2.13041,0.0109769,-0.0121759,10.7107,0.000658707,0.0535883,3.97295
2.35,0.0521022,-0.0881472,4.43756,-2.11543,0.0107842,-0.0109526,10.7092,0.000571121,0.0521022,3.93756
2.36667,0.0506498,-0.086151,4.40243,-2.10048,0.0106104,-0.00990287,10.7076,0.000490181,0.0506498,3.90243
2.38333,0.0492303,-0.0841979,4.36755,-2.08556,0.0104528,-0.00901279,10.7059,0.000415699,0.0492303,3.86755
2.4,0.0478429,-0.0822842,4.33291,-2.07067,0.0103088,-0.00826893,10.704,0.000347467,0.0478429,3.83291
2.41667,0.0464872,-0.0804066,4.29852,-2.05581,0.010176,-0.00765835,10.7021,0.00028526,0.0464872,3.79852
2.43333,0.0451625,-0.0785622,4.26438,-2.04099,0.0100525,-0.00716863,10.7001,0.00022884,0.0451625,3.76438
2.45,0.0438683,-0.0767486,4.23049,-2.0262,0.00993618,-0.00678788,10.6979,0.000177955,0.0438683,3.73049
2.46667,0.042604,-0.0749638,4.19684,-2.01145,0.00982541,-0.00650478,10.6957,0.000132346,0.042604,3.69684
2.48333,0.0413693,-0.0732059,4.16344,-1.99673,0.00971863,-0.00630856,10.6933,9.17475e-05,0.0413693,3.66344
2.5,0.0401637,-0.0714736,4.13029,-1.98206,0.00961448,-0.00618906,10.6909,5.58889e-05,0.0401637,3.63029
2.51667,0.0389867,-0.0697657,4.09737,-1.96743,0.00951177,-0.00613669,10.6883,2.44976e-05,0.0389867,3.59737
2.53333,0.037838,-0.0680813,4.0647,-1.95284,0.00940944,-0.00614246,10.6857,-2.69949e-06,0.037838,3.5647
2.55,0.0367172,-0.0664198,4.03228,-1.9383,0.00930661,-0.00619796,10.683,-2.59743e-05,0.0367172,3.53228
2.56667,0.0356239,-0.0647805,4.00009,-1.9238,0.00920249,-0.00629536,10.6802,-4.55961e-05,0.0356239,3.50009
2.58333,0.0345577,-0.0631633,3.96815,-1.90935,0.00909647,-0.00642739,10.6774,-6.18301e-05,0.0345577,3.46815
2.6,0.0335183,-0.0615679,3.93645,-1.89495,0.00898802,-0.00658737,10.6744,-7.49359e-05,0.0335183,3.43645
2.61667,0.0325053,-0.0599944,3.90499,-1.8806,0.00887671,-0.00676914,10.6714,-8.51672e-05,0.0325053,3.40499
2.63333,0.0315184,-0.0584427,3.87376,-1.8663,0.00876224,-0.00696708,10.6683,-9.277e-05,0.0315184,3.37376
2.65,0.0305571,-0.056913,3.84278,-1.85206,0.00864438,-0.00717608,10.6652,-9.79825e-05,0.0305571,3.34278
2.66667,0.0296212,-0.0554056,3.81203,-1.83786,0.00852299,-0.00739153,10.662,-0.000101034,0.0296212,3.31203
2.68333,0.0287101,-0.0539208,3.78151,-1.82373,0.00839798,-0.00760927,10.6587,-0.000102144,0.0287101,3.28151
2.7,0.0278237,-0.0524588,3.75123,-1.80964,0.00826935,-0.00782562,10.6553,-0.000101522,0.0278237,3.25123
2.71667,0.0269614,-0.0510201,3.72119,-1.79562,0.00813716,-0.00803732,10.6519,-9.93694e-05,0.0269614,3.22119
2.73333,0.0261229,-0.0496049,3.69138,-1.78165,0.00800151,-0.0082415,10.6485,-9.58746e-05,0.0261229,3.19138
2.75,0.0253077,-0.0482138,3.6618,-1.76774,0.00786253,-0.0084357,10.645,-9.12166e-05,0.0253077,3.1618
2.76667,0.0245156,-0.0468471,3.63246,-1.75389,0.00772042,-0.0086178,10.6414,-8.55636e-05,0.0245156,3.13246
2.78333,0.023746,-0.0455051,3.60334,-1.74009,0.00757539,-0.00878604,10.6378,-7.90731e-05,0.023746,3.10334
2.8,0.0229986,-0.0441883,3.57445,-1.72636,0.00742768,-0.00893894,10.6341,-7.18918e-05,0.0229986,3.07445
2.81667,0.022273,-0.042897,3.54579,-1.7127,0.00727756,-0.00907534,10.6304,-6.41561e-05,0.022273,3.04579
2.83333,0.0215686,-0.0416314,3.51736,-1.69909,0.00712531,-0.00919434,10.6266,-5.59919e-05,0.0215686,3.01736
2.85,0.0208851,-0.040392,3.48916,-1.68555,0.00697123,-0.00929529,10.6228,-4.75149e-05,0.0208851,2.98916
2.86667,0.020222,-0.0391788,3.46118,-1.67207,0.00681562,-0.00937776,10.619,-3.88311e-05,0.020222,2.96118
2.88333,0.019579,-0.0379922,3.43342,-1.65866,0.00665879,-0.00944152,10.6151,-3.00369e-05,0.019579,2.93342
2.9,0.0189555,-0.0368323,3.40589,-1.64531,0.00650106,-0.00948656,10.6111,-2.12193e-05,0.0189555,2.90589
2.91667,0.0183511,-0.0356992,3.37858,-1.63202,0.00634273,-0.00951298,10.6072,-1.24567e-05,0.0183511,2.87858
2.93333,0.0177654,-0.034593,3.35149,-1.61881,0.00618411,-0.00952108,10.6032,-3.81858e-06,0.0177654,2.85149
2.95,0.0171979,-0.0335137,3.32461,-1.60566,0.00602551,-0.00951126,10.5991,4.63333e-06,0.0171979,2.82461
2.96667,0.0166481,-0.0324614,3.29796,-1.59258,0.00586722,-0.00948404,10.5951,1.28452e-05,0.0166481,2.79796
2.98333,0.0161157,-0.031436,3.27153,-1.57956,0.00570952,-0.00944004,10.591,2.07703e-05,0.0161157,2.77153
3,0.0156001,-0.0304375,3.24531,-1.56662,0.00555268,-0.00937998,10.5869,2.83691e-05,0.0156001,2.74531
3.01667,0.0151009,-0.0294656,3.21931,-1.55374,0.00539698,-0.00930461,10.5827,3.56081e-05,0.0151009,2.71931
3.03333,0.0146178,-0.0285202,3.19352,-1.54094,0.00524265,-0.00921478,10.5785,4.24601e-05,0.0146178,2.69352
3.05,0.0141501,-0.0276011,3.16794,-1.5282,0.00508993,-0.00911135,10.5743,4.89034e-05,0.0141501,2.66794
3.06667,0.0136976,-0.026708,3.14258,-1.51553,0.00493904,-0.00899525,10.5701,5.49215e-05,0.0136976,2.64258
3.08333,0.0132597,-0.0258408,3.11742,-1.50294,0.00479019,-0.0088674,10.5659,6.05025e-05,0.0132597,2.61742
3.1,0.0128361,-0.024999,3.09248,-1.49041,0.00464355,-0.00872874,10.5616,6.56391e-05,0.0128361,2.59248
3.11667,0.0124263,-0.0241823,3.06774,-1.47796,0.00449931,-0.00858025,10.5573,7.03278e-05,0.0124263,2.56774
3.13333,0.0120299,-0.0233903,3.04321,-1.46558,0.00435762,-0.00842286,10.553,7.45688e-05,0.0120299,2.54321
3.15,0.0116465,-0.0226227,3.01889,-1.45327,0.00421862,-0.00825753,10.5487,7.83655e-05,0.0116465,2.51889
3.16667,0.0112756,-0.0218789,2.99477,-1.44103,0.00408243,-0.00808519,10.5444,8.17241e-05,0.0112756,2.49477
3.18333,0.010917,-0.0211587,2.97085,-1.42887,0.00394916,-0.00790674,10.54,8.46536e-05,0.010917,2.47085
3.2,0.0105702,-0.0204614,2.94714,-1.41677,0.00381891,-0.00772307,10.5357,8.71648e-05,0.0105702,2.44714
3.21667,0.0102349,-0.0197866,2.92363,-1.40475,0.00369176,-0.00753504,10.5313,8.9271e-05,0.0102349,2.42363
3.23333,0.00991055,-0.0191339,2.90031,-1.3928,0.00356777,-0.00734348,10.5269,9.09866e-05,0.00991055,2.40031
3.25,0.00959695,-0.0185026,2.8772,-1.38093,0.003447,-0.00714918,10.5225,9.23278e-05,0.00959695,2.3772
3.26667,0.00929368,-0.0178923,2.85428,-1.36913,0.00332948,-0.00695288,10.5181,9.33118e-05,0.00929368,2.35428
3.28333,0.00900042,-0.0173025,2.83156,-1.3574,0.00321525,-0.00675532,10.5137,9.39566e-05,0.00900042,2.33156
3.3,0.00871682,-0.0167326,2.80904,-1.34575,0.00310431,-0.00655715,10.5093,9.42811e-05,0.00871682,2.30904
3.31667,0.00844256,-0.016182,2.7867,-1.33417,0.00299668,-0.00635902,10.5049,9.43046e-05,0.00844256,2.2867
3.33333,0.00817731,-0.0156503,2.76456,-1.32266,0.00289234,-0.00616151,10.5005,9.40467e-05,0.00817731,2.26456
3.35,0.00792078,-0.0151369,2.74261,-1.31123,0.00279128,-0.00596518,10.496,9.35271e-05,0.00792078,2.24261
3.36667,0.00767265,-0.0146412,2.72086,-1.29987,0.00269349,-0.00577053,10.4916,9.27657e-05,0.00767265,2.22086
3.38333,0.00743264,-0.0141627,2.69928,-1.28858,0.00259892,-0.00557802,10.4872,9.17821e-05,0.00743264,2.19928
3.4,0.00720047,-0.0137008,2.6779,-1.27737,0.00250753,-0.00538808,10.4828,9.05957e-05,0.00720047,2.1779
3.41667,0.00697586,-0.0132551,2.65671,-1.26623,0.00241929,-0.00520109,10.4783,8.92255e-05,0.00697586,2.15671
3.43333,0.00675855,-0.0128249,2.63569,-1.25517,0.00233413,-0.0050174,10.4739,8.76902e-05,0.00675855,2.13569
3.45,0.00654828,-0.0124098,2.61487,-1.24418,0.00225201,-0.00483731,10.4695,8.60077e-05,0.00654828,2.11487
3.46667,0.0063448,-0.0120093,2.59422,-1.23326,0.00217286,-0.00466109,10.465,8.41956e-05,0.0063448,2.09422
3.48333,0.00614789,-0.0116228,2.57376,-1.22242,0.00209661,-0.00448897,10.4606,8.22707e-05,0.00614789,2.07376
3.5,0.0059573,-0.0112499,2.55347,-1.21165,0.00202319,-0.00432115,10.4562,8.02489e-05,0.0059573,2.05347
3.51667,0.00577282,-0.01089,2.53337,-1.20095,0.00195253,-0.0041578,10.4518,7.81457e-05,0.00577282,2.03337
3.53333,0.00559423,-0.0105428,2.51344,-1.19033,0.00188456,-0.00399905,10.4473,7.59756e-05,0.00559423,2.01344
3.55,0.00542132,-0.0102077,2.49369,-1.17978,0.00181919,-0.00384501,10.4429,7.37524e-05,0.00542132,1.99369
3.56667,0.00525391,-0.00988424,2.47411,-1.1693,0.00175635,-0.00369576,10.4385,7.14889e-05,0.00525391,1.97411
3.58333,0.00509178,-0.00957206,2.45471,-1.1589,0.00169596,-0.00355136,10.4341,6.91972e-05,0.00509178,1.95471
3.6,0.00493477,-0.0092707,2.43548,-1.14857,0.00163793,-0.00341183,10.4298,6.68887e-05,0.00493477,1.93548
3.61667,0.0047827,-0.00897976,2.41643,-1.13832,0.00158219,-0.00327719,10.4254,6.45738e-05,0.0047827,1.91643
3.63333,0.00463539,-0.00869883,2.39754,-1.12813,0.00152865,-0.00314742,10.421,6.22621e-05,0.00463539,1.89754
3.65,0.00449269,-0.00842752,2.37882,-1.11802,0.00147724,-0.0030225,10.4166,5.99625e-05,0.00449269,1.87882
3.66667,0.00435442,-0.00816547,2.36027,-1.10799,0.00142786,-0.00290238,10.4123,5.7683e-05,0.00435442,1.86027
3.68333,0.00422045,-0.00791231,2.34189,-1.09802,0.00138045,-0.002787,10.4079,5.54309e-05,0.00422045,1.84189
3.7,0.00409063,-0.00766769,2.32367,-1.08813,0.00133492,-0.00267628,10.4036,5.32128e-05,0.00409063,1.82367
3.71667,0.00396482,-0.00743129,2.30562,-1.07831,0.0012912,-0.00257013,10.3993,5.10345e-05,0.00396482,1.80562
3.73333,0.00384288,-0.00720278,2.28772,-1.06856,0.00124921,-0.00246847,10.395,4.89012e-05,0.00384288,1.78772
3.75,0.00372468,-0.00698185,2.27,-1.05888,0.00120888,-0.00237117,10.3907,4.68173e-05,0.00372468,1.77
3.76667,0.00361011,-0.00676821,2.25243,-1.04927,0.00117014,-0.00227814,10.3864,4.47867e-05,0.00361011,1.75243
3.78333,0.00349903,-0.00656157,2.23502,-1.03974,0.00113291,-0.00218924,10.3821,4.28129e-05,0.00349903,1.73502
3.8,0.00339135,-0.00636165,2.21777,-1.03027,0.00109713,-0.00210435,10.3779,4.08984e-05,0.00339135,1.71777
3.81667,0.00328694,-0.00616821,2.20068,-1.02088,0.00106273,-0.00202334,10.3736,3.90455e-05,0.00328694,1.70068
3.83333,0.00318571,-0.00598098,2.18374,-1.01156,0.00102966,-0.00194608,10.3694,3.7256e-05,0.00318571,1.68374
3.85,0.00308754,-0.00579974,2.16696,-1.0023,0.000997835,-0.00187242,10.3652,3.55311e-05,0.00308754,1.66696
3.86667,0.00299235,-0.00562424,2.15033,-0.993123,0.000967213,-0.00180223,10.3609,3.38717e-05,0.00299235,1.65033
3.88333,0.00290003,-0.00545427,2.13385,-0.98401,0.000937733,-0.00173538,10.3568,3.22782e-05,0.00290003,1.63385
3.9,0.00281051,-0.00528963,2.11753,-0.974967,0.00090934,-0.00167171,10.3526,3.07508e-05,0.00281051,1.61753
3.91667,0.00272368,-0.00513012,2.10135,-0.965993,0.000881984,-0.00161109,10.3484,2.92891e-05,0.00272368,1.60135
3.93333,0.00263948,-0.00497554,2.08533,-0.957089,0.000855613,-0.00155338,10.3443,2.78929e-05,0.00263948,1.58533
3.95,0.0025578,-0.00482571,2.06945,-0.948253,0.000830181,-0.00149845,10.3402,2.65611e-05,0.0025578,1.56945
3.96667,0.00247859,-0.00468047,2.05372,-0.939485,0.000805643,-0.00144616,10.3361,2.52929e-05,0.00247859,1.55372
3.98333,0.00240176,-0.00453964,2.03813,-0.930786,0.000781955,-0.00139639,10.332,2.40871e-05,0.00240176,1.53813
4,0.00232725,-0.00440307,2.02269,-0.922155,0.000759077,-0.001349,10.3279,2.29421e-05,0.00232725,1.52269
4.01667,0.00225497,-0.00427062,2.00739,-0.913591,0.000736969,-0.00130387,10.3238,2.18565e-05,0.00225497,1.50739
4.03333,0.00218487,-0.00414213,1.99224,-0.905094,0.000715596,-0.00126088,10.3198,2.08285e-05,0.00218487,1.49224
4.05,0.00211688,-0.00401747,1.97722,-0.896665,0.000694923,-0.00121992,10.3158,1.98563e-05,0.00211688,1.47722
4.06667,0.00205093,-0.00389651,1.96235,-0.888302,0.000674916,-0.00118086,10.3118,1.89381e-05,0.00205093,1.46235
4.08333,0.00198697,-0.00377913,1.94761,-0.880006,0.000655546,-0.00114361,10.3078,1.80717e-05,0.00198697,1.44761
4.1,0.00192494,-0.00366521,1.93302,-0.871776,0.000636782,-0.00110805,10.3038,1.72553e-05,0.00192494,1.43302
4.11667,0.00186478,-0.00355463,1.91855,-0.863612,0.000618598,-0.00107408,10.2999,1.64866e-05,0.00186478,1.41855
4.13333,0.00180644,-0.0034473,1.90423,-0.855513,0.000600967,-0.00104162,10.2959,1.57636e-05,0.00180644,1.40423
4.15,0.00174985,-0.0033431,1.89004,-0.847479,0.000583865,-0.00101058,10.292,1.50842e-05,0.00174985,1.39004
4.16667,0.00169498,-0.00324194,1.87598,-0.83951,0.00056727,-0.00098085,10.2881,1.44462e-05,0.00169498,1.37598
4.18333,0.00164177,-0.00314372,1.86205,-0.831606,0.00055116,-0.000952368,10.2843,1.38475e-05,0.00164177,1.36205
4.2,0.00159018,-0.00304835,1.84826,-0.823766,0.000535515,-0.000925051,10.2804,1.3286e-05,0.00159018,1.34826
4.21667,0.00154015,-0.00295576,1.83459,-0.81599,0.000520316,-0.000898826,10.2766,1.27597e-05,0.00154015,1.33459
4.23333,0.00149164,-0.00286584,1.82106,-0.808277,0.000505545,-0.000873624,10.2728,1.22665e-05,0.00149164,1.32106
4.25,0.0014446,-0.00277853,1.80765,-0.800628,0.000491187,-0.000849379,10.269,1.18046e-05,0.0014446,1.30765
4.26667,0.001399,-0.00269375,1.79437,-0.793041,0.000477225,-0.000826033,10.2652,1.13718e-05,0.001399,1.29437
4.28333,0.0013548,-0.00261142,1.78121,-0.785517,0.000463645,-0.000803526,10.2615,1.09665e-05,0.0013548,1.28121
4.3,0.00131194,-0.00253148,1.76818,-0.778055,0.000450434,-0.000781807,10.2577,1.05867e-05,0.00131194,1.26818
4.31667,0.0012704,-0.00245386,1.75528,-0.770655,0.000437579,-0.000760826,10.254,1.02308e-05,0.0012704,1.25528
4.33333,0.00123013,-0.00237849,1.7425,-0.763316,0.000425068,-0.000740536,10.2503,9.89713e-06,0.00123013,1.2425
4.35,0.00119111,-0.0023053,1.72983,-0.756038,0.000412889,-0.000720895,10.2467,9.58402e-06,0.00119111,1.22983
4.36667,0.00115328,-0.00223425,1.71729,-0.748822,0.000401033,-0.000701864,10.243,9.28998e-06,0.00115328,1.21729
4.38333,0.00111662,-0.00216526,1.70487,-0.741665,0.000389489,-0.000683405,10.2394,9.01357e-06,0.00111662,1.20487
4.4,0.00108109,-0.00209828,1.69257,-0.734569,0.000378248,-0.000665485,10.2358,8.7534e-06,0.00108109,1.19257
4.41667,0.00104667,-0.00203326,1.68039,-0.727533,0.000367302,-0.000648074,10.2322,8.50818e-06,0.00104667,1.18039
4.43333,0.00101331,-0.00197015,1.66832,-0.720555,0.000356642,-0.000631142,10.2286,8.27668e-06,0.00101331,1.16832
4.45,0.000980983,-0.00190889,1.65637,-0.713637,0.00034626,-0.000614664,10.2251,8.05775e-06,0.000980983,1.15637
4.46667,0.000949666,-0.00184942,1.64453,-0.706778,0.000336149,-0.000598615,10.2216,7.85031e-06,0.000949666,1.14453
4.48333,0.000919326,-0.00179172,1.63281,-0.699977,0.000326303,-0.000582975,10.2181,7.65334e-06,0.000919326,1.13281
4.5,0.000889933,-0.00173571,1.6212,-0.693234,0.000316714,-0.000567723,10.2146,7.46591e-06,0.000889933,1.1212
4.51667,0.000861459,-0.00168137,1.6097,-0.686548,0.000307376,-0.000552841,10.2111,7.28713e-06,0.000861459,1.1097
4.53333,0.000833878,-0.00162865,1.59831,-0.67992,0.000298283,-0.000538313,10.2077,7.1162e-06,0.000833878,1.09831
4.55,0.000807162,-0.00157749,1.58704,-0.673349,0.000289429,-0.000524124,10.2043,6.95237e-06,0.000807162,1.08704
4.56667,0.000781286,-0.00152786,1.57587,-0.666834,0.000280809,-0.000510261,10.2009,6.79495e-06,0.000781286,1.07587
4.58333,0.000756225,-0.00147973,1.56481,-0.660375,0.000272418,-0.000496712,10.1975,6.6433e-06,0.000756225,1.06481
4.6,0.000731954,-0.00143303,1.55385,-0.653972,0.000264249,-0.000483466,10.1942,6.49686e-06,0.000731954,1.05385
4.61667,0.000708449,-0.00138775,1.54301,-0.647625,0.0002563,-0.000470513,10.1908,6.35509e-06,0.000708449,1.04301
4.63333,0.000685688,-0.00134384,1.53227,-0.641333,0.000248563,-0.000457845,10.1875,6.21752e-06,0.000685688,1.03227
4.65,0.000663647,-0.00130126,1.52163,-0.635095,0.000241036,-0.000445453,10.1843,6.08373e-06,0.000663647,1.02163
4.66667,0.000642305,-0.00125997,1.5111,-0.628912,0.000233713,-0.000433331,10.181,5.95332e-06,0.000642305,1.0111
4.68333,0.000621641,-0.00121994,1.50066,-0.622783,0.000226589,-0.000421472,10.1778,5.82595e-06,0.000621641,1.00066
4.7,0.000601634,-0.00118114,1.49034,-0.616707,0.000219661,-0.000409871,10.1745,5.70133e-06,0.000601634,0.990336
4.71667,0.000582263,-0.00114353,1.48011,-0.610685,0.000212925,-0.000398521,10.1713,5.57917e-06,0.000582263,0.980107
4.73333,0.000563509,-0.00110708,1.46998,-0.604716,0.000206375,-0.000387419,10.1682,5.45925e-06,0.000563509,0.969979
4.75,0.000545354,-0.00107176,1.45995,-0.598799,0.000200009,-0.00037656,10.165,5.34136e-06,0.000545354,0.95995
4.76667,0.000527778,-0.00103752,1.45002,-0.592935,0.000193821,-0.00036594,10.1619,5.22532e-06,0.000527778,0.950019
4.78333,0.000510764,-0.00100435,1.44018,-0.587122,0.000187809,-0.000355556,10.1588,5.11099e-06,0.000510764,0.940185
4.8,0.000494294,-0.000972214,1.43045,-0.581361,0.000181968,-0.000345404,10.1557,4.99823e-06,0.000494294,0.930448
4.81667,0.000478351,-0.000941079,1.42081,-0.575651,0.000176293,-0.000335481,10.1526,4.88695e-06,0.000478351,0.920806
4.83333,0.000462919,-0.000910918,1.41126,-0.569991,0.000170783,-0.000325784,10.1496,4.77706e-06,0.000462919,0.911259
4.85,0.000447982,-0.000881702,1.40181,-0.564383,0.000165432,-0.00031631,10.1465,4.66848e-06,0.000447982,0.901806
4.86667,0.000433524,-0.000853404,1.39245,-0.558824,0.000160237,-0.000307057,10.1435,4.56119e-06,0.000433524,0.892446
4.88333,0.00041953,-0.000825998,1.38318,-0.553315,0.000155195,-0.000298021,10.1405,4.45512e-06,0.00041953,0.883178
4.9,0.000405986,-0.000799457,1.374,-0.547855,0.000150302,-0.000289201,10.1376,4.35026e-06,0.000405986,0.874001
4.91667,0.000392877,-0.000773755,1.36492,-0.542444,0.000145553,-0.000280593,10.1346,4.24661e-06,0.000392877,0.864916
4.93333,0.000380189,-0.000748867,1.35592,-0.537082,0.000140947,-0.000272196,10.1317,4.14414e-06,0.000380189,0.85592
4.95,0.00036791,-0.00072477,1.34701,-0.531769,0.000136478,-0.000264006,10.1288,4.04287e-06,0.00036791,0.847012
4.96667,0.000356026,-0.00070144,1.33819,-0.526503,0.000132145,-0.000256021,10.1259,3.94281e-06,0.000356026,0.838193
4.98333,0.000344524,-0.000678852,1.32946,-0.521285,0.000127943,-0.000248239,10.1231,3.84397e-06,0.000344524,0.829462
5,0.000333393,-0.000656985,1.32082,-0.516114,0.000123869,-0.000240656,10.1203,3.74638e-06,0.000333393,0.820817
5.01667,0.000322621,-0.000635817,1.31226,-0.51099,0.000119919,-0.00023327,10.1174,3.65006e-06,0.000322621,0.812258
5.03333,0.000312196,-0.000615327,1.30378,-0.505912,0.000116091,-0.000226078,10.1147,3.55504e-06,0.000312196,0.803784
5.05,0.000302106,-0.000595493,1.29539,-0.500881,0.000112382,-0.000219078,10.1119,3.46134e-06,0.000302106,0.795394
5.06667,0.000292342,-0.000576295,1.28709,-0.495895,0.000108787,-0.000212267,10.1091,3.36901e-06,0.000292342,0.787087
5.08333,0.000282893,-0.000557713,1.27886,-0.490955,0.000105305,-0.000205641,10.1064,3.27806e-06,0.000282893,0.778863
5.1,0.000273748,-0.000539729,1.27072,-0.486061,0.000101931,-0.000199197,10.1037,3.18854e-06,0.000273748,0.770722
5.11667,0.000264899,-0.000522324,1.26266,-0.481211,9.86631e-05,-0.000192934,10.101,3.10047e-06,0.000264899,0.762661
5.13333,0.000256335,-0.000505479,1.25468,-0.476405,9.54983e-05,-0.000186847,10.0983,3.01388e-06,0.000256335,0.754681
5.15,0.000248046,-0.000489176,1.24678,-0.471644,9.24335e-05,-0.000180933,10.0957,2.9288e-06,0.000248046,0.74678
5.16667,0.000240026,-0.0004734,1.23896,-0.466927,8.94658e-05,-0.00017519,10.093,2.84526e-06,0.000240026,0.738959
5.18333,0.000232264,-0.000458132,1.23122,-0.462253,8.65924e-05,-0.000169613,10.0904,2.76328e-06,0.000232264,0.731216
5.2,0.000224752,-0.000443357,1.22355,-0.457622,8.38106e-05,-0.0001642,10.0879,2.68289e-06,0.000224752,0.72355
5.21667,0.000217482,-0.00042906,1.21596,-0.453034,8.11177e-05,-0.000158948,10.0853,2.6041e-06,0.000217482,0.715961
5.23333,0.000210447,-0.000415224,1.20845,-0.448488,7.85111e-05,-0.000153852,10.0827,2.52694e-06,0.000210447,0.708449
5.25,0.000203639,-0.000401835,1.20101,-0.443985,7.59881e-05,-0.00014891,10.0802,2.45141e-06,0.000203639,0.701012
5.26667,0.00019705,-0.000388879,1.19365,-0.439523,7.35462e-05,-0.000144118,10.0777,2.37754e-06,0.00019705,0.693649
5.28333,0.000190674,-0.000376341,1.18636,-0.435103,7.11829e-05,-0.000139472,10.0752,2.30532e-06,0.000190674,0.68636
5.3,0.000184503,-0.000364209,1.17915,-0.430724,6.88959e-05,-0.00013497,10.0727,2.23476e-06,0.000184503,0.679145
5.31667,0.000178531,-0.000352469,1.172,-0.426386,6.66827e-05,-0.000130608,10.0703,2.16588e-06,0.000178531,0.672003
5.33333,0.000172752,-0.000341108,1.16493,-0.422088,6.45411e-05,-0.000126382,10.0679,2.09866e-06,0.000172752,0.664932
5.35,0.000167159,-0.000330114,1.15793,-0.417831,6.24689e-05,-0.00012229,10.0654,2.03311e-06,0.000167159,0.657933
5.36667,0.000161746,-0.000319476,1.151,-0.413613,6.04637e-05,-0.000118326,10.0631,1.96923e-06,0.000161746,0.651004
5.38333,0.000156508,-0.000309182,1.14415,-0.409435,5.85236e-05,-0.000114489,10.0607,1.907e-06,0.000156508,0.644145
5.4,0.000151438,-0.000299219,1.13736,-0.405296,5.66464e-05,-0.000110775,10.0583,1.84642e-06,0.000151438,0.637356
5.41667,0.000146532,-0.000289579,1.13064,-0.401196,5.48301e-05,-0.00010718,10.056,1.78747e-06,0.000146532,0.630635
5.43333,0.000141784,-0.00028025,1.12398,-0.397135,5.30728e-05,-0.000103701,10.0537,1.73014e-06,0.000141784,0.623982
5.45,0.000137189,-0.000271221,1.1174,-0.393112,5.13725e-05,-0.000100335,10.0514,1.67442e-06,0.000137189,0.617397
5.46667,0.000132742,-0.000262484,1.11088,-0.389127,4.97274e-05,-9.70784e-05,10.0491,1.62028e-06,0.000132742,0.610878
5.48333,0.000128438,-0.000254029,1.10443,-0.385179,4.81357e-05,-9.39283e-05,10.0468,1.56771e-06,0.000128438,0.604426
5.5,0.000124272,-0.000245847,1.09804,-0.381269,4.65956e-05,-9.08814e-05,10.0446,1.51667e-06,0.000124272,0.598039
5.51667,0.000120241,-0.000237927,1.09172,-0.377396,4.51054e-05,-8.79347e-05,10.0424,1.46716e-06,0.000120241,0.591716
5.53333,0.00011634,-0.000230264,1.08546,-0.37356,4.36636e-05,-8.5085e-05,10.0402,1.41915e-06,0.00011634,0.585458
5.55,0.000112565,-0.000222846,1.07926,-0.36976,4.22685e-05,-8.23294e-05,10.038,1.3726e-06,0.000112565,0.579264
5.56667,0.000108911,-0.000215668,1.07313,-0.365996,4.09185e-05,-7.96649e-05,10.0358,1.32749e-06,0.000108911,0.573133
5.58333,0.000105374,-0.00020872,1.06706,-0.362268,3.96123e-05,-7.70886e-05,10.0337,1.2838e-06,0.000105374,0.567064
5.6,0.000101952,-0.000201996,1.06106,-0.358576,3.83482e-05,-7.45978e-05,10.0315,1.24148e-06,0.000101952,0.561057
5.61667,9.86399e-05,-0.000195488,1.05511,-0.354919,3.7125e-05,-7.21897e-05,10.0294,1.20052e-06,9.86399e-05,0.555111
5.63333,9.54345e-05,-0.000189189,1.04923,-0.351297,3.59412e-05,-6.98616e-05,10.0273,1.16088e-06,9.54345e-05,0.549226
5.65,9.23324e-05,-0.000183092,1.0434,-0.347709,3.47956e-05,-6.76109e-05,10.0253,1.12254e-06,9.23324e-05,0.543401
5.66667,8.93303e-05,-0.000177191,1.03764,-0.344156,3.36869e-05,-6.54349e-05,10.0232,1.08544e-06,8.93303e-05,0.537635
5.68333,8.6425e-05,-0.00017148,1.03193,-0.340637,3.26138e-05,-6.33313e-05,10.0211,1.04958e-06,8.6425e-05,0.531929
5.7,8.36133e-05,-0.000165952,1.02628,-0.337151,3.15753e-05,-6.12976e-05,10.0191,1.01491e-06,8.36133e-05,0.526281
5.71667,8.08922e-05,-0.000160601,1.02069,-0.3337,3.057e-05,-5.93315e-05,10.0171,9.81402e-07,8.08922e-05,0.52069
5.73333,7.8259e-05,-0.000155421,1.01516,-0.330281,2.9597e-05,-5.74306e-05,10.0151,9.49022e-07,7.8259e-05,0.515157
5.75,7.57106e-05,-0.000150408,1.00968,-0.326895,2.86551e-05,-5.55927e-05,10.0131,9.17738e-07,7.57106e-05,0.509681
5.76667,7.32445e-05,-0.000145555,1.00426,-0.323542,2.77434e-05,-5.38157e-05,10.0112,8.87518e-07,7.32445e-05,0.50426
5.78333,7.08579e-05,-0.000140857,0.998895,-0.320221,2.68608e-05,-5.20974e-05,10.0092,8.58331e-07,7.08579e-05,0.498895
5.8,6.85484e-05,-0.000136311,0.993586,-0.316933,2.60064e-05,-5.04359e-05,10.0073,8.30143e-07,6.85484e-05,0.493586
5.81667,6.63134e-05,-0.000131909,0.988331,-0.313676,2.51791e-05,-4.88292e-05,10.0054,8.02925e-07,6.63134e-05,0.488331
5.83333,6.41506e-05,-0.000127649,0.98313,-0.310451,2.43783e-05,-4.72754e-05,10.0035,7.76644e-07,6.41506e-05,0.48313
5.85,6.20576e-05,-0.000123525,0.977982,-0.307257,2.36029e-05,-4.57726e-05,10.0016,7.51271e-07,6.20576e-05,0.477982
5.86667,6.00323e-05,-0.000119533,0.972888,-0.304094,2.28521e-05,-4.4319e-05,9.99978,7.26775e-07,6.00323e-05,0.472888
5.88333,5.80725e-05,-0.000115669,0.967845,-0.300962,2.21252e-05,-4.29131e-05,9.99794,7.03126e-07,5.80725e-05,0.467845
5.9,5.6176e-05,-0.000111928,0.962855,-0.29786,2.14213e-05,-4.1553e-05,9.99611,6.80297e-07,5.6176e-05,0.462855
5.91667,5.43409e-05,-0.000108308,0.957917,-0.294788,2.07397e-05,-4.02373e-05,9.9943,6.58258e-07,5.43409e-05,0.457917
5.93333,5.25651e-05,-0.000104803,0.953029,-0.291746,2.00797e-05,-3.89642e-05,9.9925,6.36982e-07,5.25651e-05,0.453029
5.95,5.08468e-05,-0.00010141,0.948191,-0.288734,1.94406e-05,-3.77325e-05,9.99072,6.16442e-07,5.08468e-05,0.448191
5.96667,4.91841e-05,-9.8126e-05,0.943404,-0.285752,1.88216e-05,-3.65406e-05,9.98896,5.96612e-07,4.91841e-05,0.443404
5.98333,4.75753e-05,-9.49471e-05,0.938666,-0.282798,1.82222e-05,-3.53871e-05,9.98721,5.77466e-07,4.75753e-05,0.438666
6,4.60187e-05,-9.18701e-05,0.933977,-0.279874,1.76417e-05,-3.42708e-05,9.98547,5.58979e-07,4.60187e-05,0.433977
6.01667,4.45125e-05,-8.88915e-05,0.929337,-0.276978,1.70796e-05,-3.31903e-05,9.98376,5.41128e-07,4.45125e-05,0.429337
6.03333,4.30551e-05,-8.60084e-05,0.924744,-0.27411,1.65351e-05,-3.21444e-05,9.98205,5.23888e-07,4.30551e-05,0.424744
6.05,4.1645e-05,-8.32177e-05,0.9202,-0.271271,1.60078e-05,-3.11319e-05,9.98036,5.07238e-07,4.1645e-05,0.4202
6.06667,4.02806e-05,-8.05164e-05,0.915702,-0.268459,1.54971e-05,-3.01517e-05,9.97869,4.91155e-07,4.02806e-05,0.415702
6.08333,3.89606e-05,-7.79018e-05,0.911251,-0.265675,1.50025e-05,-2.92027e-05,9.97703,4.75618e-07,3.89606e-05,0.411251
6.1,3.76834e-05,-7.53709e-05,0.906846,-0.262919,1.45234e-05,-2.82837e-05,9.97539,4.60607e-07,3.76834e-05,0.406846
6.11667,3.64478e-05,-7.29213e-05,0.902486,-0.26019,1.40594e-05,-2.73939e-05,9.97376,4.46102e-07,3.64478e-05,0.402486
6.13333,3.52523e-05,-7.05504e-05,0.898172,-0.257487,1.36101e-05,-2.65321e-05,9.97215,4.32084e-07,3.52523e-05,0.398172
6.15,3.40957e-05,-6.82555e-05,0.893903,-0.254811,1.31748e-05,-2.56975e-05,9.97055,4.18534e-07,3.40957e-05,0.393903
6.16667,3.29767e-05,-6.60344e-05,0.889679,-0.252162,1.27533e-05,-2.48891e-05,9.96896,4.05436e-07,3.29767e-05,0.389679
6.18333,3.18941e-05,-6.38846e-05,0.885498,-0.249539,1.2345e-05,-2.41062e-05,9.96739,3.92771e-07,3.18941e-05,0.385498
6.2,3.08468e-05,-6.18039e-05,0.88136,-0.246941,1.19495e-05,-2.33477e-05,9.96583,3.80524e-07,3.08468e-05,0.38136
6.21667,2.98336e-05,-5.97902e-05,0.877266,-0.24437,1.15665e-05,-2.2613e-05,9.96429,3.68678e-07,2.98336e-05,0.377266
6.23333,2.88534e-05,-5.78413e-05,0.873214,-0.241824,1.11956e-05,-2.19012e-05,9.96276,3.5722e-07,2.88534e-05,0.373214
6.25,2.79052e-05,-5.59551e-05,0.869205,-0.239303,1.08363e-05,-2.12116e-05,9.96125,3.46134e-07,2.79052e-05,0.369205
6.26667,2.69879e-05,-5.41297e-05,0.865238,-0.236807,1.04883e-05,-2.05435e-05,9.95975,3.35407e-07,2.69879e-05,0.365238
6.28333,2.61006e-05,-5.23631e-05,0.861311,-0.234336,1.01513e-05,-1.98962e-05,9.95826,3.25025e-07,2.61006e-05,0.361311
6.3,2.52422e-05,-5.06535e-05,0.857426,-0.23189,9.82495e-06,-1.92689e-05,9.95678,3.14976e-07,2.52422e-05,0.357426
6.31667,2.44118e-05,-4.8999e-05,0.853581,-0.229468,9.50887e-06,-1.86612e-05,9.95532,3.05247e-07,2.44118e-05,0.353581
6.33333,2.36086e-05,-4.7398e-05,0.849777,-0.22707,9.20275e-06,-1.80722e-05,9.95388,2.95827e-07,2.36086e-05,0.349777
6.35,2.28316e-05,-4.58486e-05,0.846012,-0.224696,8.90631e-06,-1.75016e-05,9.95244,2.86704e-07,2.28316e-05,0.346012
6.36667,2.208e-05,-4.43494e-05,0.842287,-0.222346,8.61922e-06,-1.69486e-05,9.95102,2.77868e-07,2.208e-05,0.342287
6.38333,2.1353e-05,-4.28986e-05,0.838601,-0.220019,8.34121e-06,-1.64126e-05,9.94961,2.69309e-07,2.1353e-05,0.338601
6.4,2.06498e-05,-4.14947e-05,0.834953,-0.217715,8.072e-06,-1.58933e-05,9.94822,2.61017e-07,2.06498e-05,0.334953
6.41667,1.99696e-05,-4.01363e-05,0.831343,-0.215434,7.8113e-06,-1.539e-05,9.94684,2.52982e-07,1.99696e-05,0.331343
6.43333,1.93117e-05,-3.8822e-05,0.827771,-0.213177,7.55886e-06,-1.49023e-05,9.94547,2.45195e-07,1.93117e-05,0.327771
6.45,1.86753e-05,-3.75502e-05,0.824237,-0.210942,7.31443e-06,-1.44297e-05,9.94411,2.37649e-07,1.86753e-05,0.324237
6.46667,1.80597e-05,-3.63196e-05,0.82074,-0.208729,7.07775e-06,-1.39717e-05,9.94276,2.30333e-07,1.80597e-05,0.32074
6.48333,1.74644e-05,-3.5129e-05,0.817279,-0.206538,6.84859e-06,-1.35278e-05,9.94143,2.23242e-07,1.74644e-05,0.317279
6.5,1.68886e-05,-3.3977e-05,0.813855,-0.20437,6.62671e-06,-1.30976e-05,9.94011,2.16367e-07,1.68886e-05,0.313855
6.51667,1.63316e-05,-3.28625e-05,0.810467,-0.202223,6.41189e-06,-1.26808e-05,9.93881,2.09701e-07,1.63316e-05,0.310467
6.53333,1.57929e-05,-3.17842e-05,0.807114,-0.200098,6.20391e-06,-1.22769e-05,9.93751,2.03237e-07,1.57929e-05,0.307114
6.55,1.52719e-05,-3.07409e-05,0.803797,-0.197994,6.00256e-06,-1.18855e-05,9.93623,1.96968e-07,1.52719e-05,0.303797
6.56667,1.47681e-05,-2.97316e-05,0.800514,-0.195911,5.80763e-06,-1.15062e-05,9.93496,1.90889e-07,1.47681e-05,0.300514
6.58333,1.42807e-05,-2.87552e-05,0.797266,-0.19385,5.61892e-06,-1.11386e-05,9.9337,1.84992e-07,1.42807e-05,0.297266
6.6,1.38094e-05,-2.78105e-05,0.794052,-0.191809,5.43625e-06,-1.07825e-05,9.93245,1.79273e-07,1.38094e-05,0.294052
6.61667,1.33535e-05,-2.68967e-05,0.790872,-0.189789,5.25941e-06,-1.04374e-05,9.93121,1.73726e-07,1.33535e-05,0.290872
6.63333,1.29126e-05,-2.60126e-05,0.787726,-0.187789,5.08824e-06,-1.01031e-05,9.92999,1.68344e-07,1.29126e-05,0.287726
6.65,1.24863e-05,-2.51574e-05,0.784613,-0.185809,4.92256e-06,-9.77918e-06,9.92878,1.63124e-07,1.24863e-05,0.284613
6.66667,1.20739e-05,-2.43301e-05,0.781532,-0.18385,4.76219e-06,-9.46535e-06,9.92758,1.5806e-07,1.20739e-05,0.281532
6.68333,1.16751e-05,-2.35299e-05,0.778484,-0.18191,4.60696e-06,-9.16131e-06,9.92639,1.53148e-07,1.16751e-05,0.278484
6.7,1.12894e-05,-2.27557e-05,0.775468,-0.17999,4.45673e-06,-8.86677e-06,9.92521,1.48382e-07,1.12894e-05,0.275468
6.71667,1.09164e-05,-2.20069e-05,0.772484,-0.178089,4.31133e-06,-8.58143e-06,9.92404,1.43759e-07,1.09164e-05,0.272484
6.73333,1.05557e-05,-2.12825e-05,0.769532,-0.176208,4.17061e-06,-8.30504e-06,9.92288,1.39273e-07,1.05557e-05,0.269532
6.75,1.02069e-05,-2.05819e-05,0.76661,-0.174346,4.03442e-06,-8.0373e-06,9.92174,1.34922e-07,1.02069e-05,0.26661
6.76667,9.86953e-06,-1.99042e-05,0.76372,-0.172502,3.90263e-06,-7.77798e-06,9.9206,1.30701e-07,9.86953e-06,0.26372
6.78333,9.54329e-06,-1.92486e-05,0.76086,-0.170678,3.77509e-06,-7.5268e-06,9.91948,1.26606e-07,9.54329e-06,0.26086
6.8,9.22779e-06,-1.86146e-05,0.758031,-0.168872,3.65167e-06,-7.28354e-06,9.91836,1.22634e-07,9.22779e-06,0.258031
6.81667,8.92269e-06,-1.80013e-05,0.755231,-0.167084,3.53224e-06,-7.04794e-06,9.91726,1.18781e-07,8.92269e-06,0.255231
6.83333,8.62763e-06,-1.74081e-05,0.752461,-0.165314,3.41667e-06,-6.81979e-06,9.91617,1.15043e-07,8.62763e-06,0.252461
6.85,8.3423e-06,-1.68344e-05,0.74972,-0.163563,3.30485e-06,-6.59884e-06,9.91509,1.11418e-07,8.3423e-06,0.24972
6.86667,8.06638e-06,-1.62795e-05,0.747009,-0.161829,3.19665e-06,-6.38489e-06,9.91401,1.07902e-07,8.06638e-06,0.247009
6.88333,7.79955e-06,-1.57428e-05,0.744326,-0.160114,3.09197e-06,-6.17773e-06,9.91295,1.04491e-07,7.79955e-06,0.244326
6.9,7.54152e-06,-1.52237e-05,0.741672,-0.158415,2.99067e-06,-5.97715e-06,9.9119,1.01184e-07,7.54152e-06,0.241672
6.91667,7.292e-06,-1.47216e-05,0.739045,-0.156734,2.89267e-06,-5.78294e-06,9.91086,9.79766e-08,7.292e-06,0.239045
6.93333,7.05071e-06,-1.42361e-05,0.736447,-0.15507,2.79786e-06,-5.59492e-06,9.90983,9.48664e-08,7.05071e-06,0.236447
6.95,6.81738e-06,-1.37665e-05,0.733876,-0.153424,2.70613e-06,-5.41289e-06,9.90881,9.18506e-08,6.81738e-06,0.233876
6.96667,6.59174e-06,-1.33123e-05,0.731333,-0.151794,2.61738e-06,-5.23668e-06,9.9078,8.89266e-08,6.59174e-06,0.231333
6.98333,6.37355e-06,-1.2873e-05,0.728816,-0.15018,2.53152e-06,-5.0661e-06,9.90679,8.60916e-08,6.37355e-06,0.228816
7,6.16256e-06,-1.24482e-05,0.726326,-0.148584,2.44846e-06,-4.90098e-06,9.9058,8.33432e-08,6.16256e-06,0.226326
7.01667,5.95853e-06,-1.20374e-05,0.723863,-0.147003,2.36811e-06,-4.74116e-06,9.90482,8.0679e-08,5.95853e-06,0.223863
7.03333,5.76124e-06,-1.164e-05,0.721426,-0.145439,2.29038e-06,-4.58647e-06,9.90385,7.80965e-08,5.76124e-06,0.221426
7.05,5.57045e-06,-1.12558e-05,0.719015,-0.143891,2.21519e-06,-4.43675e-06,9.90288,7.55934e-08,5.57045e-06,0.219015
7.06667,5.38597e-06,-1.08842e-05,0.71663,-0.142359,2.14245e-06,-4.29185e-06,9.90193,7.31675e-08,5.38597e-06,0.21663
7.08333,5.20758e-06,-1.05248e-05,0.71427,-0.140843,2.07209e-06,-4.15162e-06,9.90098,7.08165e-08,5.20758e-06,0.21427
7.1,5.03508e-06,-1.01772e-05,0.711935,-0.139342,2.00403e-06,-4.01591e-06,9.90005,6.85383e-08,5.03508e-06,0.211935
7.11667,4.86827e-06,-9.84109e-06,0.709625,-0.137856,1.93819e-06,-3.88459e-06,9.89912,6.63309e-08,4.86827e-06,0.209625
7.13333,4.70698e-06,-9.51604e-06,0.70734,-0.136386,1.8745e-06,-3.75751e-06,9.8982,6.41921e-08,4.70698e-06,0.20734
7.15,4.55101e-06,-9.20169e-06,0.705079,-0.134931,1.8129e-06,-3.63455e-06,9.89729,6.21201e-08,4.55101e-06,0.205079
7.16667,4.4002e-06,-8.8977e-06,0.702842,-0.133492,1.75332e-06,-3.51557e-06,9.89639,6.01129e-08,4.4002e-06,0.202842
7.18333,4.25437e-06,-8.60372e-06,0.700629,-0.132066,1.69569e-06,-3.40045e-06,9.8955,5.81685e-08,4.25437e-06,0.200629
7.2,4.11335e-06,-8.31942e-06,0.698439,-0.130656,1.63994e-06,-3.28906e-06,9.89462,5.62853e-08,4.11335e-06,0.198439
7.21667,3.977e-06,-8.04449e-06,0.696273,-0.12926,1.58602e-06,-3.1813e-06,9.89375,5.44613e-08,3.977e-06,0.196273
7.23333,3.84515e-06,-7.77862e-06,0.694131,-0.127879,1.53387e-06,-3.07704e-06,9.89288,5.26948e-08,3.84515e-06,0.194131
7.25,3.71766e-06,-7.52152e-06,0.692011,-0.126512,1.48342e-06,-2.97617e-06,9.89202,5.09843e-08,3.71766e-06,0.192011
7.26667,3.59439e-06,-7.27288e-06,0.689913,-0.125159,1.43464e-06,-2.87859e-06,9.89118,4.93279e-08,3.59439e-06,0.189913
7.28333,3.47519e-06,-7.03244e-06,0.687839,-0.12382,1.38745e-06,-2.78419e-06,9.89033,4.77241e-08,3.47519e-06,0.187839
7.3,3.35993e-06,-6.79993e-06,0.685786,-0.122495,1.3418e-06,-2.69286e-06,9.8895,4.61714e-08,3.35993e-06,0.185786
7.31667,3.24848e-06,-6.57508e-06,0.683755,-0.121184,1.29766e-06,-2.60452e-06,9.88868,4.46682e-08,3.24848e-06,0.183755
7.33333,3.14072e-06,-6.35764e-06,0.681746,-0.119886,1.25496e-06,-2.51906e-06,9.88786,4.3213e-08,3.14072e-06,0.181746
7.35,3.03652e-06,-6.14738e-06,0.679759,-0.118602,1.21367e-06,-2.4364e-06,9.88706,4.18044e-08,3.03652e-06,0.179759
7.36667,2.93576e-06,-5.94405e-06,0.677793,-0.117331,1.17373e-06,-2.35644e-06,9.88626,4.04409e-08,2.93576e-06,0.177793
7.38333,2.83834e-06,-5.74742e-06,0.675848,-0.116073,1.1351e-06,-2.27909e-06,9.88546,3.91212e-08,2.83834e-06,0.175848
7.4,2.74415e-06,-5.55728e-06,0.673924,-0.114829,1.09774e-06,-2.20428e-06,9.88468,3.7844e-08,2.74415e-06,0.173924
7.41667,2.65307e-06,-5.37341e-06,0.67202,-0.113597,1.0616e-06,-2.13191e-06,9.8839,3.6608e-08,2.65307e-06,0.17202
7.43333,2.565e-06,-5.19561e-06,0.670137,-0.112378,1.02665e-06,-2.06191e-06,9.88313,3.54118e-08,2.565e-06,0.170137
7.45,2.47985e-06,-5.02367e-06,0.668274,-0.111172,9.92851e-07,-1.99421e-06,9.88237,3.42543e-08,2.47985e-06,0.168274
7.46667,2.39751e-06,-4.8574e-06,0.666431,-0.109978,9.60159e-07,-1.92873e-06,9.88162,3.31343e-08,2.39751e-06,0.166431
7.48333,2.3179e-06,-4.69662e-06,0.664608,-0.108797,9.28542e-07,-1.86539e-06,9.88087,3.20506e-08,2.3179e-06,0.164608
7.5,2.24093e-06,-4.54115e-06,0.662804,-0.107628,8.97962e-07,-1.80413e-06,9.88013,3.1002e-08,2.24093e-06,0.162804
7.51667,2.1665e-06,-4.3908e-06,0.66102,-0.106471,8.68387e-07,-1.74488e-06,9.8794,2.99875e-08,2.1665e-06,0.16102
7.53333,2.09454e-06,-4.24542e-06,0.659255,-0.105327,8.39784e-07,-1.68757e-06,9.87868,2.9006e-08,2.09454e-06,0.159255
7.55,2.02496e-06,-4.10483e-06,0.657509,-0.104194,8.12119e-07,-1.63214e-06,9.87796,2.80565e-08,2.02496e-06,0.157509
7.56667,1.95769e-06,-3.96889e-06,0.655782,-0.103073,7.85364e-07,-1.57853e-06,9.87725,2.71379e-08,1.95769e-06,0.155782
7.58333,1.89264e-06,-3.83743e-06,0.654073,-0.101964,7.59487e-07,-1.52668e-06,9.87655,2.62493e-08,1.89264e-06,0.154073
7.6,1.82975e-06,-3.71031e-06,0.652383,-0.100866,7.3446e-07,-1.47653e-06,9.87585,2.53897e-08,1.82975e-06,0.152383
7.61667,1.76894e-06,-3.58739e-06,0.650711,-0.0997801,7.10256e-07,-1.42803e-06,9.87517,2.45581e-08,1.76894e-06,0.150711
7.63333,1.71014e-06,-3.46853e-06,0.649057,-0.0987054,6.86846e-07,-1.38112e-06,9.87448,2.37538e-08,1.71014e-06,0.149057
7.65,1.6533e-06,-3.35359e-06,0.647421,-0.097642,6.64205e-07,-1.33575e-06,9.87381,2.29757e-08,1.6533e-06,0.147421
7.66667,1.59834e-06,-3.24245e-06,0.645802,-0.0965896,6.42309e-07,-1.29186e-06,9.87314,2.22232e-08,1.59834e-06,0.145802
7.68333,1.5452e-06,-3.13498e-06,0.644201,-0.0955483,6.21131e-07,-1.24942e-06,9.87248,2.14952e-08,1.5452e-06,0.144201
7.7,1.49382e-06,-3.03106e-06,0.642617,-0.0945179,6.0065e-07,-1.20837e-06,9.87182,2.07912e-08,1.49382e-06,0.142617
7.71667,1.44414e-06,-2.93057e-06,0.64105,-0.0934984,5.80841e-07,-1.16867e-06,9.87117,2.01102e-08,1.44414e-06,0.14105
7.73333,1.39611e-06,-2.8334e-06,0.639501,-0.0924895,5.61683e-07,-1.13027e-06,9.87053,1.94515e-08,1.39611e-06,0.139501
7.75,1.34968e-06,-2.73944e-06,0.637967,-0.0914912,5.43155e-07,-1.09313e-06,9.8699,1.88144e-08,1.34968e-06,0.137967
7.76667,1.30478e-06,-2.64859e-06,0.636451,-0.0905034,5.25235e-07,-1.05721e-06,9.86927,1.81982e-08,1.30478e-06,0.136451
7.78333,1.26137e-06,-2.56074e-06,0.634951,-0.089526,5.07905e-07,-1.02247e-06,9.86865,1.76022e-08,1.26137e-06,0.134951
7.8,1.21941e-06,-2.47579e-06,0.633466,-0.0885588,4.91144e-07,-9.88867e-07,9.86803,1.70258e-08,1.21941e-06,0.133466
7.81667,1.17883e-06,-2.39365e-06,0.631998,-0.0876019,4.74933e-07,-9.56367e-07,9.86742,1.64683e-08,1.17883e-06,0.131998
7.83333,1.1396e-06,-2.31422e-06,0.630546,-0.086655,4.59256e-07,-9.24933e-07,9.86681,1.59291e-08,1.1396e-06,0.130546
7.85,1.10167e-06,-2.23743e-06,0.62911,-0.085718,4.44094e-07,-8.9453e-07,9.86622,1.54076e-08,1.10167e-06,0.12911
7.86667,1.06501e-06,-2.16317e-06,0.627689,-0.0847909,4.2943e-07,-8.65124e-07,9.86562,1.49032e-08,1.06501e-06,0.127689
7.88333,1.02956e-06,-2.09136e-06,0.626283,-0.0838736,4.15248e-07,-8.36682e-07,9.86504,1.44153e-08,1.02956e-06,0.126283
7.9,9.95281e-07,-2.02193e-06,0.624893,-0.082966,4.01533e-07,-8.09173e-07,9.86446,1.39435e-08,9.95281e-07,0.124893
7.91667,9.62144e-07,-1.9548e-06,0.623518,-0.082068,3.88268e-07,-7.82566e-07,9.86388,1.34871e-08,9.62144e-07,0.123518
7.93333,9.30108e-07,-1.88989e-06,0.622157,-0.0811794,3.7544e-07,-7.56832e-07,9.86332,1.30457e-08,9.30108e-07,0.122157
7.95,8.99136e-07,-1.82713e-06,0.620812,-0.0803002,3.63033e-07,-7.31941e-07,9.86275,1.26187e-08,8.99136e-07,0.120812
7.96667,8.69192e-07,-1.76644e-06,0.619481,-0.0794302,3.51035e-07,-7.07865e-07,9.8622,1.22058e-08,8.69192e-07,0.119481
7.98333,8.40243e-07,-1.70776e-06,0.618164,-0.0785695,3.39431e-07,-6.84579e-07,9.86164,1.18064e-08,8.40243e-07,0.118164
8,8.12256e-07,-1.65103e-06,0.616862,-0.0777179,3.28209e-07,-6.62057e-07,9.8611,1.142e-08,8.12256e-07,0.116862
8.01667,7.85198e-07,-1.59617e-06,0.615573,-0.0768752,3.17357e-07,-6.40272e-07,9.86056,1.10464e-08,7.85198e-07,0.115573
8.03333,7.5904e-07,-1.54313e-06,0.614299,-0.0760415,3.06861e-07,-6.19201e-07,9.86002,1.06849e-08,7.5904e-07,0.114299
8.05,7.33751e-07,-1.49185e-06,0.613039,-0.0752166,2.96711e-07,-5.98821e-07,9.85949,1.03353e-08,7.33751e-07,0.113039
8.06667,7.09302e-07,-1.44226e-06,0.611792,-0.0744004,2.86895e-07,-5.79109e-07,9.85897,9.99715e-09,7.09302e-07,0.111792
8.08333,6.85666e-07,-1.39432e-06,0.610558,-0.0735929,2.77402e-07,-5.60042e-07,9.85845,9.67005e-09,6.85666e-07,0.110558
8.1,6.62816e-07,-1.34796e-06,0.609339,-0.072794,2.68221e-07,-5.41601e-07,9.85794,9.35365e-09,6.62816e-07,0.109339
8.11667,6.40725e-07,-1.30314e-06,0.608132,-0.0720034,2.59343e-07,-5.23764e-07,9.85743,9.04759e-09,6.40725e-07,0.108132
8.13333,6.19369e-07,-1.25981e-06,0.606938,-0.0712213,2.50758e-07,-5.06511e-07,9.85693,8.75153e-09,6.19369e-07,0.106938
8.15,5.98724e-07,-1.21791e-06,0.605758,-0.0704475,2.42455e-07,-4.89824e-07,9.85643,8.46515e-09,5.98724e-07,0.105758
8.16667,5.78765e-07,-1.1774e-06,0.60459,-0.0696819,2.34426e-07,-4.73683e-07,9.85594,8.18813e-09,5.78765e-07,0.10459
8.18333,5.59469e-07,-1.13823e-06,0.603435,-0.0689244,2.26661e-07,-4.58072e-07,9.85545,7.92015e-09,5.59469e-07,0.103435
8.2,5.40816e-07,-1.10037e-06,0.602293,-0.0681749,2.19152e-07,-4.42972e-07,9.85497,7.66092e-09,5.40816e-07,0.102293
8.21667,5.22783e-07,-1.06376e-06,0.601162,-0.0674335,2.11891e-07,-4.28368e-07,9.85449,7.41016e-09,5.22783e-07,0.101162
8.23333,5.05351e-07,-1.02836e-06,0.600045,-0.0666999,2.04869e-07,-4.14242e-07,9.85402,7.16757e-09,5.05351e-07,0.100045
8.25,4.88498e-07,-9.94136e-07,0.598939,-0.0659741,1.98079e-07,-4.00579e-07,9.85355,6.9329e-09,4.88498e-07,0.0989391
8.26667,4.72206e-07,-9.61049e-07,0.597845,-0.065256,1.91513e-07,-3.87364e-07,9.85309,6.70589e-09,4.72206e-07,0.0978455
8.28333,4.56457e-07,-9.2906e-07,0.596764,-0.0645455,1.85164e-07,-3.74583e-07,9.85263,6.48628e-09,4.56457e-07,0.0967638
8.3,4.41232e-07,-8.98132e-07,0.595694,-0.0638426,1.79023e-07,-3.62221e-07,9.85217,6.27383e-09,4.41232e-07,0.0956939
8.31667,4.26513e-07,-8.68231e-07,0.594636,-0.0631472,1.73086e-07,-3.50264e-07,9.85172,6.0683e-09,4.26513e-07,0.0946356
8.33333,4.12285e-07,-8.39323e-07,0.593589,-0.0624592,1.67345e-07,-3.387e-07,9.85128,5.86947e-09,4.12285e-07,0.0935889
8.35,3.98531e-07,-8.11374e-07,0.592554,-0.0617786,1.61793e-07,-3.27515e-07,9.85084,5.67713e-09,3.98531e-07,0.0925536
8.36667,3.85234e-07,-7.84354e-07,0.59153,-0.0611052,1.56425e-07,-3.16697e-07,9.8504,5.49105e-09,3.85234e-07,0.0915296
8.38333,3.7238e-07,-7.5823e-07,0.590517,-0.0604389,1.51233e-07,-3.06234e-07,9.84997,5.31104e-09,3.7238e-07,0.0905167
8.4,3.59955e-07,-7.32975e-07,0.589515,-0.0597798,1.46214e-07,-2.96115e-07,9.84955,5.13688e-09,3.59955e-07,0.0895149
8.41667,3.47943e-07,-7.08559e-07,0.588524,-0.0591277,1.4136e-07,-2.86328e-07,9.84913,4.96841e-09,3.47943e-07,0.088524
8.43333,3.36332e-07,-6.84954e-07,0.587544,-0.0584826,1.36667e-07,-2.76863e-07,9.84871,4.80542e-09,3.36332e-07,0.0875439
8.45,3.25107e-07,-6.62133e-07,0.586575,-0.0578444,1.32129e-07,-2.67708e-07,9.84829,4.64774e-09,3.25107e-07,0.0865745
8.46667,3.14256e-07,-6.40071e-07,0.585616,-0.057213,1.27741e-07,-2.58855e-07,9.84789,4.4952e-09,3.14256e-07,0.0856157
8.48333,3.03767e-07,-6.18742e-07,0.584667,-0.0565883,1.23498e-07,-2.50292e-07,9.84748,4.34763e-09,3.03767e-07,0.0846674
8.5,2.93627e-07,-5.98122e-07,0.583729,-0.0559703,1.19395e-07,-2.42011e-07,9.84708,4.20487e-09,2.93627e-07,0.0837294
8.51667,2.83826e-07,-5.78188e-07,0.582802,-0.0553589,1.15429e-07,-2.34002e-07,9.84668,4.06676e-09,2.83826e-07,0.0828016
8.53333,2.74351e-07,-5.58917e-07,0.581884,-0.0547541,1.11593e-07,-2.26257e-07,9.84629,3.93315e-09,2.74351e-07,0.081884
8.55,2.65192e-07,-5.40286e-07,0.580976,-0.0541557,1.07885e-07,-2.18766e-07,9.8459,3.80389e-09,2.65192e-07,0.0809764
8.56667,2.56338e-07,-5.22276e-07,0.580079,-0.0535637,1.04299e-07,-2.11522e-07,9.84552,3.67885e-09,2.56338e-07,0.0800788
8.58333,2.47779e-07,-5.04864e-07,0.579191,-0.0529781,1.00832e-07,-2.04517e-07,9.84514,3.55789e-09,2.47779e-07,0.0791909
8.6,2.39506e-07,-4.88031e-07,0.578313,-0.0523987,9.74797e-08,-1.97742e-07,9.84476,3.44086e-09,2.39506e-07,0.0783128
8.61667,2.31508e-07,-4.71759e-07,0.577444,-0.0518256,9.42386e-08,-1.9119e-07,9.84439,3.32766e-09,2.31508e-07,0.0774442
8.63333,2.23777e-07,-4.56028e-07,0.576585,-0.0512586,9.11049e-08,-1.84854e-07,9.84402,3.21815e-09,2.23777e-07,0.0765852
8.65,2.16304e-07,-4.40821e-07,0.575736,-0.0506976,8.8075e-08,-1.78727e-07,9.84366,3.11221e-09,2.16304e-07,0.0757356
8.66667,2.0908e-07,-4.2612e-07,0.574895,-0.0501427,8.51456e-08,-1.72802e-07,9.84329,3.00973e-09,2.0908e-07,0.0748952
8.68333,2.02097e-07,-4.11908e-07,0.574064,-0.0495938,8.23133e-08,-1.67072e-07,9.84294,2.9106e-09,2.02097e-07,0.0740641
8.7,1.95347e-07,-3.98169e-07,0.573242,-0.0490507,7.9575e-08,-1.61531e-07,9.84258,2.8147e-09,1.95347e-07,0.0732421
8.71667,1.88823e-07,-3.84887e-07,0.572429,-0.0485135,7.69274e-08,-1.56173e-07,9.84223,2.72193e-09,1.88823e-07,0.072429
8.73333,1.82515e-07,-3.72048e-07,0.571625,-0.047982,7.43677e-08,-1.50992e-07,9.84189,2.6322e-09,1.82515e-07,0.0716249
8.75,1.76419e-07,-3.59637e-07,0.57083,-0.0474563,7.1893e-08,-1.45982e-07,9.84155,2.5454e-09,1.76419e-07,0.0708296
8.76667,1.70525e-07,-3.47638e-07,0.570043,-0.0469362,6.95003e-08,-1.41137e-07,9.84121,2.46143e-09,1.70525e-07,0.070043
8.78333,1.64828e-07,-3.3604e-07,0.569265,-0.0464216,6.7187e-08,-1.36453e-07,9.84087,2.38022e-09,1.64828e-07,0.069265
8.8,1.59322e-07,-3.24827e-07,0.568496,-0.0459127,6.49506e-08,-1.31923e-07,9.84054,2.30166e-09,1.59322e-07,0.0684955
8.81667,1.53999e-07,-3.13988e-07,0.567735,-0.0454092,6.27884e-08,-1.27542e-07,9.84021,2.22567e-09,1.53999e-07,0.0677345
8.83333,1.48853e-07,-3.03511e-07,0.566982,-0.0449111,6.0698e-08,-1.23307e-07,9.83989,2.15217e-09,1.48853e-07,0.0669819
8.85,1.4388e-07,-2.93382e-07,0.566237,-0.0444183,5.8677e-08,-1.19212e-07,9.83956,2.08108e-09,1.4388e-07,0.0662374
8.86667,1.39072e-07,-2.83591e-07,0.565501,-0.0439309,5.67231e-08,-1.15252e-07,9.83925,2.01232e-09,1.39072e-07,0.0655012
8.88333,1.34425e-07,-2.74126e-07,0.564773,-0.0434487,5.48342e-08,-1.11423e-07,9.83893,1.94581e-09,1.34425e-07,0.064773
8.9,1.29933e-07,-2.64976e-07,0.564053,-0.0429718,5.3008e-08,-1.07721e-07,9.83862,1.88148e-09,1.29933e-07,0.0640529
8.91667,1.2559e-07,-2.56132e-07,0.563341,-0.0424999,5.12424e-08,-1.04141e-07,9.83831,1.81926e-09,1.2559e-07,0.0633406
8.93333,1.21393e-07,-2.47582e-07,0.562636,-0.0420332,4.95356e-08,-1.0068e-07,9.838,1.75909e-09,1.21393e-07,0.0626362
8.95,1.17336e-07,-2.39317e-07,0.561939,-0.0415715,4.78855e-08,-9.73331e-08,9.8377,1.70089e-09,1.17336e-07,0.0619395
8.96667,1.13414e-07,-2.31328e-07,0.56125,-0.0411147,4.62902e-08,-9.40974e-08,9.8374,1.6446e-09,1.13414e-07,0.0612504
8.98333,1.09624e-07,-2.23605e-07,0.560569,-0.0406629,4.4748e-08,-9.09689e-08,9.83711,1.59017e-09,1.09624e-07,0.0605689
9,1.05959e-07,-2.1614e-07,0.559895,-0.040216,4.32571e-08,-8.7944e-08,9.83682,1.53752e-09,1.05959e-07,0.0598949
9.01667,1.02418e-07,-2.08923e-07,0.559228,-0.0397739,4.18157e-08,-8.50194e-08,9.83653,1.4866e-09,1.02418e-07,0.0592284
9.03333,9.8994e-08,-2.01947e-07,0.558569,-0.0393366,4.04223e-08,-8.21918e-08,9.83624,1.43736e-09,9.8994e-08,0.0585691
9.05,9.56847e-08,-1.95204e-07,0.557917,-0.0389039,3.90752e-08,-7.94579e-08,9.83596,1.38974e-09,9.56847e-08,0.0579171
9.06667,9.2486e-08,-1.88685e-07,0.557272,-0.038476,3.77729e-08,-7.68146e-08,9.83568,1.34369e-09,9.2486e-08,0.0572723
9.08333,8.9394e-08,-1.82384e-07,0.556635,-0.0380527,3.6514e-08,-7.42591e-08,9.8354,1.29915e-09,8.9394e-08,0.0566345
9.1,8.64053e-08,-1.76293e-07,0.556004,-0.037634,3.52969e-08,-7.17884e-08,9.83512,1.25608e-09,8.64053e-08,0.0560038
9.11667,8.35164e-08,-1.70406e-07,0.55538,-0.0372198,3.41204e-08,-6.93996e-08,9.83485,1.21444e-09,8.35164e-08,0.05538
9.13333,8.0724e-08,-1.64714e-07,0.554763,-0.03681,3.2983e-08,-6.70901e-08,9.83458,1.17416e-09,8.0724e-08,0.0547631
9.15,7.80249e-08,-1.59213e-07,0.554153,-0.0364048,3.18834e-08,-6.48573e-08,9.83432,1.13522e-09,7.80249e-08,0.054153
9.16667,7.54159e-08,-1.53895e-07,0.55355,-0.0360039,3.08204e-08,-6.26986e-08,9.83405,1.09755e-09,7.54159e-08,0.0535496
9.18333,7.2894e-08,-1.48754e-07,0.552953,-0.0356073,2.97928e-08,-6.06116e-08,9.83379,1.06114e-09,7.2894e-08,0.0529528
9.2,7.04564e-08,-1.43785e-07,0.552363,-0.035215,2.87995e-08,-5.85939e-08,9.83354,1.02592e-09,7.04564e-08,0.0523626
9.21667,6.81003e-08,-1.38982e-07,0.551779,-0.034827,2.78392e-08,-5.66433e-08,9.83328,9.9187e-10,6.81003e-08,0.0517789
9.23333,6.58228e-08,-1.34339e-07,0.551202,-0.0344432,2.69108e-08,-5.47574e-08,9.83303,9.58943e-10,6.58228e-08,0.0512017
9.25,6.36214e-08,-1.29851e-07,0.550631,-0.0340635,2.60134e-08,-5.29342e-08,9.83278,9.27105e-10,6.36214e-08,0.0506308
9.26667,6.14936e-08,-1.25512e-07,0.550066,-0.033688,2.51458e-08,-5.11716e-08,9.83253,8.9632e-10,6.14936e-08,0.0500662
9.28333,5.94369e-08,-1.21319e-07,0.549508,-0.0333165,2.43072e-08,-4.94675e-08,9.83229,8.66553e-10,5.94369e-08,0.0495078
9.3,5.74149e-08,-1.21319e-07,0.54759,-0.196817,2.34827e-08,-4.94675e-08,0,0,5.74149e-08,0.0475901
9.31667,5.53929e-08,-1.21319e-07,0.542947,-0.360317,2.26583e-08,-4.94675e-08,0,0,5.53929e-08,0.0429473
9.33333,5.33709e-08,-1.21319e-07,0.53558,-0.523817,2.18338e-08,-4.94675e-08,0,0,5.33709e-08,0.0355795
9.35,5.1349e-08,-1.21319e-07,0.525487,-0.687317,2.10093e-08,-4.94675e-08,0,0,5.1349e-08,0.0254867
9.36667,4.9327e-08,-1.21319e-07,0.512669,-0.850817,2.01849e-08,-4.94675e-08,0,0,4.9327e-08,0.012669
9.38333,4.7305e-08,-1.21319e-07,0.497126,-1.01432,1.93604e-08,-4.94675e-08,0,0,4.7305e-08,-0.00287382
9.4,4.5283e-08,-1.21319e-07,0.478858,-1.17782,1.8536e-08,-4.94675e-08,0,0,4.5283e-08,-0.0211416
9.41667,4.3261e-08,-1.21319e-07,0.457866,-1.34132,1.77115e-08,-4.94675e-08,0,0,4.3261e-08,-0.0421344
9.43333,4.12391e-08,-1.21319e-07,0.434148,-1.50482,1.6887e-08,-4.94675e-08,0,0,4.12391e-08,-0.0658522
9.45,3.92171e-08,-1.21319e-07,0.407705,-1.66832,1.60626e-08,-4.94675e-08,0,0,3.92171e-08,-0.0922949
9.46667,3.71951e-08,-1.21319e-07,0.378537,-1.83182,1.52381e-08,-4.94675e-08,0,0,3.71951e-08,-0.121463
9.48333,3.51731e-08,-1.21319e-07,0.346645,-1.99532,1.44137e-08,-4.94675e-08,0,0,3.51731e-08,-0.153355
9.5,3.31511e-08,-1.21319e-07,0.312027,-2.15882,1.35892e-08,-4.94675e-08,0,0,3.31511e-08,-0.187973
9.51667,3.11292e-08,-1.21319e-07,0.274684,-2.32232,1.27647e-08,-4.94675e-08,0,0,3.11292e-08,-0.225316
9.53333,2.91072e-08,-1.21319e-07,0.234616,-2.48582,1.19403e-08,-4.94675e-08,0,0,2.91072e-08,-0.265384
9.55,2.70852e-08,-1.21319e-07,0.191823,-2.64932,1.11158e-08,-4.94675e-08,0,0,2.70852e-08,-0.308177
9.56667,2.50632e-08,-1.21319e-07,0.146306,-2.81282,1.02914e-08,-4.94675e-08,0,0,2.50632e-08,-0.353694
9.58333,2.30413e-08,-1.21319e-07,0.0980628,-2.97632,9.46691e-09,-4.94675e-08,0,0,2.30413e-08,-0.401937
9.6,2.10193e-08,-1.21319e-07,0.047095,-3.13982,8.64245e-09,-4.94675e-08,0,0,2.10193e-08,-0.452905
9.61667,1.89973e-08,-6.06593e-08,0,0,7.81799e-09,-2.47338e-08,0,0,1.89973e-08,-0.5
9.63333,1.79863e-08,-3.03297e-08,0,0,7.40576e-09,-1.23669e-08,0,0,1.79863e-08,-0.5
9.65,1.74808e-08,-1.51648e-08,0,0,7.19965e-09,-6.18344e-09,0,0,1.74808e-08,-0.5
9.66667,1.72281e-08,-7.58242e-09,0,0,7.09659e-09,-3.09172e-09,0,0,1.72281e-08,-0.5
9.68333,1.71017e-08,-3.79121e-09,0,0,7.04506e-09,-1.54586e-09,0,0,1.71017e-08,-0.5
9.7,1.70385e-08,-1.8956e-09,0,0,7.0193e-09,-7.7293e-10,0,0,1.70385e-08,-0.5
9.71667,1.70069e-08,-9.47802e-10,0,0,7.00641e-09,-3.86465e-10,0,0,1.70069e-08,-0.5
9.73333,1.69911e-08,-4.73901e-10,0,0,6.99997e-09,-1.93233e-10,0,0,1.69911e-08,-0.5
9.75,1.69832e-08,-2.36951e-10,0,0,6.99675e-09,-9.66163e-11,0,0,1.69832e-08,-0.5
9.76667,1.69793e-08,-1.18475e-10,0,0,6.99514e-09,-4.83082e-11,0,0,1.69793e-08,-0.5
9.78333,1.69773e-08,-5.92376e-11,0,0,6.99434e-09,-2.41541e-11,0,0,1.69773e-08,-0.5
9.8,1.69763e-08,-2.96188e-11,0,0,6.99393e-09,-1.2077e-11,0,0,1.69763e-08,-0.5
9.81667,1.69758e-08,-1.48094e-11,0,0,6.99373e-09,-6.03852e-12,0,0,1.69758e-08,-0.5
9.83333,1.69756e-08,-7.4047e-12,0,0,6.99363e-09,-3.01926e-12,0,0,1.69756e-08,-0.5
9.85,1.69754e-08,-3.70235e-12,0,0,6.99358e-09,-1.50963e-12,0,0,1.69754e-08,-0.5
9.86667,1.69754e-08,-1.85118e-12,0,0,6.99356e-09,-7.54815e-13,0,0,1.69754e-08,-0.5
9.88333,1.69754e-08,-9.25588e-13,0,0,6.99354e-09,-3.77407e-13,0,0,1.69754e-08,-0.5
9.9,1.69753e-08,-4.62794e-13,0,0,6.99354e-09,-1.88704e-13,0,0,1.69753e-08,-0.5
9.91667,1.69753e-08,-2.31397e-13,0,0,6.99353e-09,-9.43519e-14,0,0,1.69753e-08,-0.5
9.93333,1.69753e-08,-1.15699e-13,0,0,6.99353e-09,-4.71759e-14,0,0,1.69753e-08,-0.5
9.95,1.69753e-08,-5.78493e-14,0,0,6.99353e-09,-2.3588e-14,0,0,1.69753e-08,-0.5
9.96667,1.69753e-08,-2.89246e-14,0,0,6.99353e-09,-1.1794e-14,0,0,1.69753e-08,-0.5
9.98333,1.69753e-08,-1.44623e-14,0,0,6.99353e-09,-5.89699e-15,0,0,1.69753e-08,-0.5
10,1.69753e-08,-7.23116e-15,0,0,6.99353e-09,-2.9485e-15,0,0,1.69753e-08,-0.5
10.0167,1.69753e-08,-3.61558e-15,0,0,6.99353e-09,-1.47425e-15,0,0,1.69753e-08,-0.5
10.0333,1.69753e-08,-1.80779e-15,0,0,6.99353e-09,-7.37124e-16,0,0,1.69753e-08,-0.5
10.05,1.69753e-08,-9.03895e-16,0,0,6.99353e-09,-3.68562e-16,0,0,1.69753e-08,-0.5
10.0667,1.69753e-08,-4.51947e-16,0,0,6.99353e-09,-1.84281e-16,0,0,1.69753e-08,-0.5
10.0833,1.69753e-08,-2.25974e-16,0,0,6.99353e-09,-9.21405e-17,0,0,1.69753e-08,-0.5
10.1,1.69753e-08,-1.12987e-16,0,0,6.99353e-09,-4.60702e-17,0,0,1.69753e-08,-0.5
10.1167,1.69753e-08,-5.64934e-17,0,0,6.99353e-09,-2.30351e-17,0,0,1.69753e-08,-0.5
10.1333,1.69753e-08,-2.82467e-17,0,0,6.99353e-09,-1.15176e-17,0,0,1.69753e-08,-0.5
10.15,1.69753e-08,-1.41234e-17,0,0,6.99353e-09,-5.75878e-18,0,0,1.69753e-08,-0.5
10.1667,1.69753e-08,-7.06168e-18,0,0,6.99353e-09,-2.87939e-18,0,0,1.69753e-08,-0.5
10.1833,1.69753e-08,-3.53084e-18,0,0,6.99353e-09,-1.4397e-18,0,0,1.69753e-08,-0.5
10.2,1.69753e-08,-1.76542e-18,0,0,6.99353e-09,-7.19848e-19,0,0,1.69753e-08,-0.5
10.2167,1.69753e-08,-8.8271e-19,0,0,6.99353e-09,-3.59924e-19,0,0,1.69753e-08,-0.5
10.2333,1.69753e-08,-4.41355e-19,0,0,6.99353e-09,-1.79962e-19,0,0,1.69753e-08,-0.5
10.25,1.69753e-08,-2.20677e-19,0,0,6.99353e-09,-8.99809e-20,0,0,1.69753e-08,-0.5
10.2667,1.69753e-08,-1.10339e-19,0,0,6.99353e-09,-4.49905e-20,0,0,1.69753e-08,-0.5
10.2833,1.69753e-08,-5.51693e-20,0,0,6.99353e-09,-2.24952e-20,0,0,1.69753e-08,-0.5
10.3,1.69753e-08,-2.75847e-20,0,0,6.99353e-09,-1.12476e-20,0,0,1.69753e-08,-0.5
10.3167,1.69753e-08,-1.37923e-20,0,0,6.99353e-09,-5.62381e-21,0,0,1.69753e-08,-0.5
10.3333,1.69753e-08,-6.89617e-21,0,0,6.99353e-09,-2.8119e-21,0,0,1.69753e-08,-0.5
10.35,1.69753e-08,-3.44808e-21,0,0,6.99353e-09,-1.40595e-21,0,0,1.69753e-08,-0.5
10.3667,1.69753e-08,-1.72404e-21,0,0,6.99353e-09,-7.02976e-22,0,0,1.69753e-08,-0.5
10.3833,1.69753e-08,-8.62021e-22,0,0,6.99353e-09,-3.51488e-22,0,0,1.69753e-08,-0.5
10.4,1.69753e-08,-4.31011e-22,0,0,6.99353e-09,-1.75744e-22,0,0,1.69753e-08,-0.5
10.4167,1.69753e-08,-2.15505e-22,0,0,6.99353e-09,-8.7872e-23,0,0,1.69753e-08,-0.5
10.4333,1.69753e-08,-1.07753e-22,0,0,6.99353e-09,-4.3936e-23,0,0,1.69753e-08,-0.5
10.45,1.69753e-08,-5.38763e-23,0,0,6.99353e-09,-2.1968e-23,0,0,1.69753e-08,-0.5
10.4667,1.69753e-08,-2.69382e-23,0,0,6.99353e-09,-1.0984e-23,0,0,1.69753e-08,-0.5
10.4833,1.69753e-08,-1.34691e-23,0,0,6.99353e-09,-5.492e-24,0,0,1.69753e-08,-0.5
10.5,1.69753e-08,-6.73454e-24,0,0,6.99353e-09,-2.746e-24,0,0,1.69753e-08,-0.5
10.5167,1.69753e-08,-3.36727e-24,0,0,6.99353e-09,-1.373e-24,0,0,1.69753e-08,-0.5
10.5333,1.69753e-08,-1.68363e-24,0,0,6.99353e-09,-6.865e-25,0,0,1.69753e-08,-0.5
10.55,1.69753e-08,-8.41817e-25,0,0,6.99353e-09,-3.4325e-25,0,0,1.69753e-08,-0.5
10.5667,1.69753e-08,-4.20909e-25,0,0,6.99353e-09,-1.71625e-25,0,0,1.69753e-08,-0.5
10.5833,1.69753e-08,-2.10454e-25,0,0,6.99353e-09,-8.58125e-26,0,0,1.69753e-08,-0.5
10.6,1.69753e-08,-1.05227e-25,0,0,6.99353e-09,-4.29063e-26,0,0,1.69753e-08,-0.5
10.6167,1.69753e-08,-5.26136e-26,0,0,6.99353e-09,-2.14531e-26,0,0,1.69753e-08,-0.5
10.6333,1.69753e-08,-2.63068e-26,0,0,6.99353e-09,-1.07266e-26,0,0,1.69753e-08,-0.5
10.65,1.69753e-08,-1.31534e-26,0,0,6.99353e-09,-5.36328e-27,0,0,1.69753e-08,-0.5
10.6667,1.69753e-08,-6.5767e-27,0,0,6.99353e-09,-2.68164e-27,0,0,1.69753e-08,-0.5
10.6833,1.69753e-08,-3.28835e-27,0,0,6.99353e-09,-1.34082e-27,0,0,1.69753e-08,-0.5
10.7,1.69753e-08,-1.64417e-27,0,0,6.99353e-09,-6.7041e-28,0,0,1.69753e-08,-0.5
10.7167,1.69753e-08,-8.22087e-28,0,0,6.99353e-09,-3.35205e-28,0,0,1.69753e-08,-0.5
10.7333,1.69753e-08,-4.11044e-28,0,0,6.99353e-09,-1.67603e-28,0,0,1.69753e-08,-0.5
10.75,1.69753e-08,-2.05522e-28,0,0,6.99353e-09,-8.38013e-29,0,0,1.69753e-08,-0.5
10.7667,1.69753e-08,-1.02761e-28,0,0,6.99353e-09,-4.19006e-29,0,0,1.69753e-08,-0.5
10.7833,1.69753e-08,-5.13805e-29,0,0,6.99353e-09,-2.09503e-29,0,0,1.69753e-08,-0.5
10.8,1.69753e-08,-2.56902e-29,0,0,6.99353e-09,-1.04752e-29,0,0,1.69753e-08,-0.5
10.8167,1.69753e-08,-1.28451e-29,0,0,6.99353e-09,-5.23758e-30,0,0,1.69753e-08,-0.5
10.8333,1.69753e-08,-6.42256e-30,0,0,6.99353e-09,-2.61879e-30,0,0,1.69753e-08,-0.5
10.85,1.69753e-08,-3.21128e-30,0,0,6.99353e-09,-1.3094e-30,0,0,1.69753e-08,-0.5
10.8667,1.69753e-08,-1.60564e-30,0,0,6.99353e-09,-6.54698e-31,0,0,1.69753e-08,-0.5
10.8833,1.69753e-08,-8.0282e-31,0,0,6.99353e-09,-3.27349e-31,0,0,1.69753e-08,-0.5
10.9,1.69753e-08,-4.0141e-31,0,0,6.99353e-09,-1.63674e-31,0,0,1.69753e-08,-0.5
10.9167,1.69753e-08,-2.00705e-31,0,0,6.99353e-09,-8.18372e-32,0,0,1.69753e-08,-0.5
10.9333,1.69753e-08,-1.00352e-31,0,0,6.99353e-09,-4.09186e-32,0,0,1.69753e-08,-0.5
10.95,1.69753e-08,-5.01762e-32,0,0,6.99353e-09,-2.04593e-32,0,0,1.69753e-08,-0.5
10.9667,1.69753e-08,-2.50881e-32,0,0,6.99353e-09,-1.02296e-32,0,0,1.69753e-08,-0.5
10.9833,1.69753e-08,-1.25441e-32,0,0,6.99353e-09,-5.11482e-33,0,0,1.69753e-08,-0.5
11,1.69753e-08,-6.27203e-33,0,0,6.99353e-09,-2.55741e-33,0,0,1.69753e-08,-0.5
11.0167,1.69753e-08,-3.13601e-33,0,0,6.99353e-09,-1.27871e-33,0,0,1.69753e-08,-0.5
11.0333,1.69753e-08,-1.56801e-33,0,0,6.99353e-09,-6.39353e-34,0,0,1.69753e-08,-0.5
11.05,1.69753e-08,-7.84004e-34,0,0,6.99353e-09,-3.19677e-34,0,0,1.69753e-08,-0.5
11.0667,1.69753e-08,-3.92002e-34,0,0,6.99353e-09,-1.59838e-34,0,0,1.69753e-08,-0.5
11.0833,1.69753e-08,-1.96001e-34,0,0,6.99353e-09,-7.99191e-35,0,0,1.69753e-08,-0.5
11.1,1.69753e-08,-9.80004e-35,0,0,6.99353e-09,-3.99596e-35,0,0,1.69753e-08,-0.5
11.1167,1.69753e-08,-4.90002e-35,0,0,6.99353e-09,-1.99798e-35,0,0,1.69753e-08,-0.5
11.1333,1.69753e-08,-2.45001e-35,0,0,6.99353e-09,-9.98989e-36,0,0,1.69753e-08,-0.5
11.15,1.69753e-08,-1.22501e-35,0,0,6.99353e-09,-4.99495e-36,0,0,1.69753e-08,-0.5
11.1667,1.69753e-08,-6.12503e-36,0,0,6.99353e-09,-2.49747e-36,0,0,1.69753e-08,-0.5
11.1833,1.69753e-08,-3.06251e-36,0,0,6.99353e-09,-1.24874e-36,0,0,1.69753e-08,-0.5
11.2,1.69753e-08,-1.53126e-36,0,0,6.99353e-09,-6.24368e-37,0,0,1.69753e-08,-0.5
11.2167,1.69753e-08,-7.65628e-37,0,0,6.99353e-09,-3.12184e-37,0,0,1.69753e-08,-0.5
11.2333,1.69753e-08,-3.82814e-37,0,0,6.99353e-09,-1.56092e-37,0,0,1.69753e-08,-0.5
11.25,1.69753e-08,-1.91407e-37,0,0,6.99353e-09,-7.8046e-38,0,0,1.69753e-08,-0.5
11.2667,1.69753e-08,-9.57036e-38,0,0,6.99353e-09,-3.9023e-38,0,0,1.69753e-08,-0.5
11.2833,1.69753e-08,-4.78518e-38,0,0,6.99353e-09,-1.95115e-38,0,0,1.69753e-08,-0.5
11.3,1.69753e-08,-2.39259e-38,0,0,6.99353e-09,-9.75575e-39,0,0,1.69753e-08,-0.5
11.3167,1.69753e-08,-1.19629e-38,0,0,6.99353e-09,-4.87788e-39,0,0,1.69753e-08,-0.5
11.3333,1.69753e-08,-5.98147e-39,0,0,6.99353e-09,-2.43894e-39,0,0,1.69753e-08,-0.5
11.35,1.69753e-08,-2.99074e-39,0,0,6.99353e-09,-1.21947e-39,0,0,1.69753e-08,-0.5
11.3667,1.69753e-08,-1.49537e-39,0,0,6.99353e-09,-6.09735e-40,0,0,1.69753e-08,-0.5
11.3833,1.69753e-08,-7.47684e-40,0,0,6.99353e-09,-3.04867e-40,0,0,1.69753e-08,-0.5
11.4,1.69753e-08,-3.73842e-40,0,0,6.99353e-09,-1.52434e-40,0,0,1.69753e-08,-0.5
11.4167,1.69753e-08,-1.86921e-40,0,0,6.99353e-09,-7.62168e-41,0,0,1.69753e-08,-0.5
11.4333,1.69753e-08,-9.34605e-41,0,0,6.99353e-09,-3.81084e-41,0,0,1.69753e-08,-0.5
11.45,1.69753e-08,-4.67303e-41,0,0,6.99353e-09,-1.90542e-41,0,0,1.69753e-08,-0.5
11.4667,1.69753e-08,-2.33651e-41,0,0,6.99353e-09,-9.5271e-42,0,0,1.69753e-08,-0.5
11.4833,1.69753e-08,-1.16826e-41,0,0,6.99353e-09,-4.76355e-42,0,0,1.69753e-08,-0.5
11.5,1.69753e-08,-5.84128e-42,0,0,6.99353e-09,-2.38178e-42,0,0,1.69753e-08,-0.5
11.5167,1.69753e-08,-2.92064e-42,0,0,6.99353e-09,-1.19089e-42,0,0,1.69753e-08,-0.5
11.5333,1.69753e-08,-1.46032e-42,0,0,6.99353e-09,-5.95444e-43,0,0,1.69753e-08,-0.5
11.55,1.69753e-08,-7.3016e-43,0,0,6.99353e-09,-2.97722e-43,0,0,1.69753e-08,-0.5
11.5667,1.69753e-08,-3.6508e-43,0,0,6.99353e-09,-1.48861e-43,0,0,1.69753e-08,-0.5
11.5833,1.69753e-08,-1.8254e-43,0,0,6.99353e-09,-7.44305e-44,0,0,1.69753e-08,-0.5
11.6,1.69753e-08,-9.127e-44,0,0,6.99353e-09,-3.72152e-44,0,0,1.69753e-08,-0.5
11.6167,1.69753e-08,-4.5635e-44,0,0,6.99353e-09,-1.86076e-44,0,0,1.69753e-08,-0.5
11.6333,1.69753e-08,-2.28175e-44,0,0,6.99353e-09,-9.30381e-45,0,0,1.69753e-08,-0.5
11.65,1.69753e-08,-1.14088e-44,0,0,6.99353e-09,-4.65191e-45,0,0,1.69753e-08,-0.5
11.6667,1.69753e-08,-5.70438e-45,0,0,6.99353e-09,-2.32595e-45,0,0,1.69753e-08,-0.5
11.6833,1.69753e-08,-2.85219e-45,0,0,6.99353e-09,-1.16298e-45,0,0,1.69753e-08,-0.5
11.7,1.69753e-08,-1.42609e-45,0,0,6.99353e-09,-5.81488e-46,0,0,1.69753e-08,-0.5
11.7167,1.69753e-08,-7.13047e-46,0,0,6.99353e-09,-2.90744e-46,0,0,1.69753e-08,-0.5
11.7333,1.69753e-08,-3.56524e-46,0,0,6.99353e-09,-1.45372e-46,0,0,1.69753e-08,-0.5
11.75,1.69753e-08,-1.78262e-46,0,0,6.99353e-09,-7.2686e-47,0,0,1.69753e-08,-0.5
11.7667,1.69753e-08,-8.91309e-47,0,0,6.99353e-09,-3.6343e-47,0,0,1.69753e-08,-0.5
11.7833,1.69753e-08,-4.45654e-47,0,0,6.99353e-09,-1.81715e-47,0,0,1.69753e-08,-0.5
11.8,1.69753e-08,-2.22827e-47,0,0,6.99353e-09,-9.08575e-48,0,0,1.69753e-08,-0.5
11.8167,1.69753e-08,-1.11414e-47,0,0,6.99353e-09,-4.54288e-48,0,0,1.69753e-08,-0.5
11.8333,1.69753e-08,-5.57068e-48,0,0,6.99353e-09,-2.27144e-48,0,0,1.69753e-08,-0.5
11.85,1.69753e-08,-2.78534e-48,0,0,6.99353e-09,-1.13572e-48,0,0,1.69753e-08,-0.5
11.8667,1.69753e-08,-1.39267e-48,0,0,6.99353e-09,-5.6786e-49,0,0,1.69753e-08,-0.5
11.8833,1.69753e-08,-6.96335e-49,0,0,6.99353e-09,-2.8393e-49,0,0,1.69753e-08,-0.5
11.9,1.69753e-08,-3.48168e-49,0,0,6.99353e-09,-1.41965e-49,0,0,1.69753e-08,-0.5
11.9167,1.69753e-08,-1.74084e-49,0,0,6.99353e-09,-7.09825e-50,0,0,1.69753e-08,-0.5
11.9333,1.69753e-08,-8.70419e-50,0,0,6.99353e-09,-3.54912e-50,0,0,1.69753e-08,-0.5
11.95,1.69753e-08,-4.35209e-50,0,0,6.99353e-09,-1.77456e-50,0,0,1.69753e-08,-0.5
11.9667,1.69753e-08,-2.17605e-50,0,0,6.99353e-09,-8.87281e-51,0,0,1.69753e-08,-0.5
11.9833,1.69753e-08,-1.08802e-50,0,0,6.99353e-09,-4.4364e-51,0,0,1.69753e-08,-0.5
12,1.69753e-08,-5.44012e-51,0,0,6.99353e-09,-2.2182e-51,0,0,1.69753e-08,-0.5
12.0167,1.69753e-08,-2.72006e-51,0,0,6.99353e-09,-1.1091e-51,0,0,1.69753e-08,-0.5
12.0333,1.69753e-08,-1.36003e-51,0,0,6.99353e-09,-5.5455e-52,0,0,1.69753e-08,-0.5
12.05,1.69753e-08,-6.80015e-52,0,0,6.99353e-09,-2.77275e-52,0,0,1.69753e-08,-0.5
12.0667,1.69753e-08,-3.40007e-52,0,0,6.99353e-09,-1.38638e-52,0,0,1.69753e-08,-0.5
12.0833,1.69753e-08,-1.70004e-52,0,0,6.99353e-09,-6.93188e-53,0,0,1.69753e-08,-0.5
12.1,1.69753e-08,-8.50018e-53,0,0,6.99353e-09,-3.46594e-53,0,0,1.69753e-08,-0.5
12.1167,1.69753e-08,-4.25009e-53,0,0,6.99353e-09,-1.73297e-53,0,0,1.69753e-08,-0.5
12.1333,1.69753e-08,-2.12505e-53,0,0,6.99353e-09,-8.66485e-54,0,0,1.69753e-08,-0.5
12.15,1.69753e-08,-1.06252e-53,0,0,6.99353e-09,-4.33243e-54,0,0,1.69753e-08,-0.5
12.1667,1.69753e-08,-5.31261e-54,0,0,6.99353e-09,-2.16621e-54,0,0,1.69753e-08,-0.5
12.1833,1.69753e-08,-2.65631e-54,0,0,6.99353e-09,-1.08311e-54,0,0,1.69753e-08,-0.5
12.2,1.69753e-08,-1.32815e-54,0,0,6.99353e-09,-5.41553e-55,0,0,1.69753e-08,-0.5
12.2167,1.69753e-08,-6.64077e-55,0,0,6.99353e-09,-2.70777e-55,0,0,1.69753e-08,-0.5
12.2333,1.69753e-08,-3.32038e-55,0,0,6.99353e-09,-1.35388e-55,0,0,1.69753e-08,-0.5
12.25,1.69753e-08,-1.66019e-55,0,0,6.99353e-09,-6.76941e-56,0,0,1.69753e-08,-0.5
12.2667,1.69753e-08,-8.30096e-56,0,0,6.99353e-09,-3.38471e-56,0,0,1.69753e-08,-0.5
12.2833,1.69753e-08,-4.15048e-56,0,0,6.99353e-09,-1.69235e-56,0,0,1.69753e-08,-0.5
12.3,1.69753e-08,-2.07524e-56,0,0,6.99353e-09,-8.46177e-57,0,0,1.69753e-08,-0.5
12.3167,1.69753e-08,-1.03762e-56,0,0,6.99353e-09,-4.23088e-57,0,0,1.69753e-08,-0.5
12.3333,1.69753e-08,-5.1881e-57,0,0,6.99353e-09,-2.11544e-57,0,0,1.69753e-08,-0.5
12.35,1.69753e-08,-2.59405e-57,0,0,6.99353e-09,-1.05772e-57,0,0,1.69753e-08,-0.5
12.3667,1.69753e-08,-1.29703e-57,0,0,6.99353e-09,-5.2886e-58,0,0,1.69753e-08,-0.5
12.3833,1.69753e-08,-6.48513e-58,0,0,6.99353e-09,-2.6443e-58,0,0,1.69753e-08,-0.5
12.4,1.69753e-08,-3.24256e-58,0,0,6.99353e-09,-1.32215e-58,0,0,1.69753e-08,-0.5
12.4167,1.69753e-08,-1.62128e-58,0,0,6.99353e-09,-6.61076e-59,0,0,1.69753e-08,-0.5
12.4333,1.69753e-08,-8.10641e-59,0,0,6.99353e-09,-3.30538e-59,0,0,1.69753e-08,-0.5
12.45,1.69753e-08,-4.0532e-59,0,0,6.99353e-09,-1.65269e-59,0,0,1.69753e-08,-0.5
12.4667,1.69753e-08,-2.0266e-59,0,0,6.99353e-09,-8.26344e-60,0,0,1.69753e-08,-0.5
12.4833,1.69753e-08,-1.0133e-59,0,0,6.99353e-09,-4.13172e-60,0,0,1.69753e-08,-0.5
12.5,1.69753e-08,-5.0665e-60,0,0,6.99353e-09,-2.06586e-60,0,0,1.69753e-08,-0.5
12.5167,1.69753e-08,-2.53325e-60,0,0,6.99353e-09,-1.03293e-60,0,0,1.69753e-08,-0.5
12.5333,1.69753e-08,-1.26663e-60,0,0,6.99353e-09,-5.16465e-61,0,0,1.69753e-08,-0.5
12.55,1.69753e-08,-6.33313e-61,0,0,6.99353e-09,-2.58233e-61,0,0,1.69753e-08,-0.5
12.5667,1.69753e-08,-3.16657e-61,0,0,6.99353e-09,-1.29116e-61,0,0,1.69753e-08,-0.5
12.5833,1.69753e-08,-1.58328e-61,0,0,6.99353e-09,-6.45582e-62,0,0,1.69753e-08,-0.5
12.6,1.69753e-08,-7.91641e-62,0,0,6.99353e-09,-3.22791e-62,0,0,1.69753e-08,-0.5
12.6167,1.69753e-08,-3.95821e-62,0,0,6.99353e-09,-1.61395e-62,0,0,1.69753e-08,-0.5
12.6333,1.69753e-08,-1.9791e-62,0,0,6.99353e-09,-8.06977e-63,0,0,1.69753e-08,-0.5
12.65,1.69753e-08,-9.89552e-63,0,0,6.99353e-09,-4.03489e-63,0,0,1.69753e-08,-0.5
12.6667,1.69753e-08,-4.94776e-63,0,0,6.99353e-09,-2.01744e-63,0,0,1.69753e-08,-0.5
12.6833,1.69753e-08,-2.47388e-63,0,0,6.99353e-09,-1.00872e-63,0,0,1.69753e-08,-0.5
12.7,1.69753e-08,-1.23694e-63,0,0,6.99353e-09,-5.04361e-64,0,0,1.69753e-08,-0.5
12.7167,1.69753e-08,-6.1847e-64,0,0,6.99353e-09,-2.5218e-64,0,0,1.69753e-08,-0.5
12.7333,1.69753e-08,-3.09235e-64,0,0,6.99353e-09,-1.2609e-64,0,0,1.69753e-08,-0.5
